0,0,0,0,0,0,1,0,-0,-0,0,0,0
9.3146e-11,1.1529e-10,1.973e-12,4.7668e-08,5.8996e-08,1.1821e-09,1,1.2295e-06,-9.9355e-07,1.1097e-16,-0.00075199,0.00060781,8.1085e-27
3.1357e-09,3.8795e-09,1.2511e-10,7.8909e-07,9.761e-07,3.7416e-08,1,9.9766e-06,-8.0673e-06,1.5214e-14,-0.0029774,0.0024087,-6.156e-25
2.3925e-08,2.9587e-08,1.4114e-09,3.9801e-06,4.9207e-06,2.8088e-07,1,3.3174e-05,-2.6843e-05,2.5961e-13,-0.0065057,0.0052678,3.5194e-24
1.0011e-07,1.2375e-07,7.8504e-09,1.2414e-05,1.5339e-05,1.1694e-06,1,7.6918e-05,-6.2281e-05,1.9102e-12,-0.011167,0.0090509,2.1847e-23
3.0193e-07,3.7306e-07,2.9633e-08,2.9795e-05,3.6797e-05,3.524e-06,1,0.00014653,-0.00011873,8.8816e-12,-0.016836,0.013659,1.9214e-23
7.4078e-07,9.1488e-07,8.7517e-08,6.0631e-05,7.4838e-05,8.6539e-06,1,0.00024666,-0.0002,3.0942e-11,-0.023345,0.018958,-3.2442e-23
1.5767e-06,1.9463e-06,2.1819e-07,0.00011012,0.00013585,1.8449e-05,1,0.00038128,-0.00030938,8.8329e-11,-0.030604,0.024878,8.0018e-23
3.0247e-06,3.7321e-06,4.8047e-07,0.00018408,0.00022695,3.546e-05,1,0.0005538,-0.00044971,2.1803e-10,-0.038502,0.031331,2.523e-22
5.3607e-06,6.6114e-06,9.6226e-07,0.00028881,0.00035589,6.296e-05,1,0.00076712,-0.00062339,4.8174e-10,-0.046925,0.038227,3.6133e-22
8.9261e-06,1.1003e-05,1.788e-06,0.0004311,0.00053091,0.000105,1,0.0010236,-0.00083245,9.7545e-10,-0.055789,0.045498,3.5924e-23
1.4132e-05,1.7412e-05,3.1269e-06,0.00061807,0.00076073,0.00016645,1,0.0013252,-0.0010786,1.841e-09,-0.064925,0.053009,-3.9035e-22
2.1461e-05,2.6431e-05,5.2006e-06,0.00085718,0.0010544,0.000253,1,0.0016736,-0.0013631,3.2777e-09,-0.074395,0.060812,-1.3415e-21
3.1475e-05,3.8744e-05,8.2923e-06,0.0011561,0.0014213,0.0003712,1,0.0020697,-0.0016872,5.5581e-09,-0.084072,0.068805,-1.4575e-21
4.481e-05,5.5132e-05,1.2755e-05,0.0015228,0.0018709,0.00052845,0.99999,0.0025146,-0.0020515,9.0426e-09,-0.093889,0.076934,-2.6078e-21
6.2184e-05,7.6471e-05,1.9019e-05,0.0019653,0.0024131,0.00073296,0.99999,0.0030087,-0.0024566,1.4196e-08,-0.10378,0.08515,-2.6469e-21
8.4396e-05,0.00010374,2.7601e-05,0.0024918,0.0030576,0.00099375,0.99999,0.0035523,-0.002903,2.1607e-08,-0.11373,0.093431,-2.5058e-21
0.00011233,0.000138,3.9114e-05,0.0031107,0.0038145,0.0013206,0.99999,0.0041455,-0.0033906,3.2005e-08,-0.12358,0.10166,-3.5602e-21
0.00014694,0.00018043,5.4268e-05,0.0038301,0.0046937,0.0017239,0.99998,0.0047879,-0.0039194,4.628e-08,-0.13339,0.10988,1.9432e-22
0.00018929,0.00023231,7.3884e-05,0.0046585,0.0057053,0.0022149,0.99997,0.0054791,-0.0044893,6.5506e-08,-0.14311,0.11807,2.2253e-21
0.00024051,0.00029501,9.8898e-05,0.0056043,0.006859,0.0028053,0.99997,0.0062185,-0.0050997,9.0957e-08,-0.15281,0.12625,4.2676e-21
0.0003018,0.00037,0.00013036,0.0066757,0.008165,0.0035072,0.99996,0.0070054,-0.0057503,1.2415e-07,-0.16208,0.13412,7.3645e-21
0.00037447,0.00045885,0.00016945,0.0078812,0.0096329,0.0043332,0.99995,0.0078386,-0.0064404,1.6681e-07,-0.17132,0.14199,8.1045e-21
0.0004599,0.00056323,0.00021748,0.0092291,0.011272,0.0052964,0.99994,0.0087172,-0.0071691,2.2099e-07,-0.18012,0.14952,1.5901e-20
0.00055955,0.00068491,0.00027588,0.010727,0.013093,0.0064098,0.99992,0.0096398,-0.0079356,2.8899e-07,-0.1887,0.15691,1.5646e-20
0.00067497,0.00082574,0.00034622,0.012384,0.015105,0.0076868,0.99991,0.010605,-0.008739,3.7342e-07,-0.19724,0.1643,8.2013e-21
0.00080779,0.00098768,0.00043021,0.014208,0.017317,0.0091406,0.99989,0.011611,-0.0095781,4.7729e-07,-0.20526,0.17129,6.0908e-21
0.00095971,0.0011728,0.00052967,0.016206,0.019738,0.010785,0.99987,0.012657,-0.010452,6.039e-07,-0.21307,0.17814,1.0559e-20
0.0011325,0.0013832,0.00064658,0.018386,0.022377,0.012632,0.99984,0.013741,-0.011359,7.5697e-07,-0.22052,0.18473,1.4759e-20
0.0013281,0.0016211,0.00078303,0.020756,0.025243,0.014695,0.99981,0.014861,-0.012298,9.4064e-07,-0.22759,0.19103,1.3317e-20
0.0015483,0.0018888,0.00094124,0.023324,0.028344,0.016987,0.99978,0.016016,-0.013268,1.1594e-06,-0.23426,0.19704,2.0167e-20
0.0017952,0.0021887,0.0011236,0.026096,0.031688,0.019519,0.99975,0.017202,-0.014267,1.4183e-06,-0.24051,0.20274,2.5631e-20
0.0020709,0.0025234,0.0013325,0.02908,0.035284,0.022303,0.99971,0.018419,-0.015294,1.7228e-06,-0.24642,0.20819,8.0427e-21
0.0023776,0.0028953,0.0015705,0.032283,0.039139,0.025349,0.99967,0.019665,-0.016347,2.0786e-06,-0.252,0.2134,1.3627e-20
0.0027174,0.0033071,0.0018404,0.035712,0.043261,0.028668,0.99963,0.020936,-0.017426,2.4923e-06,-0.25713,0.21828,1.489e-20
0.0030926,0.0037614,0.0021448,0.039372,0.047655,0.032269,0.99958,0.022232,-0.018527,2.9708e-06,-0.26159,0.22262,7.9015e-21
0.0035056,0.0042611,0.0024867,0.04327,0.05233,0.03616,0.99953,0.023549,-0.01965,3.5213e-06,-0.26571,0.22671,9.4577e-21
0.0039588,0.004809,0.002869,0.047413,0.057292,0.040349,0.99947,0.024887,-0.020792,4.1517e-06,-0.26942,0.2305,4.5433e-21
0.0044547,0.0054079,0.0032947,0.051805,0.062545,0.044841,0.99941,0.026242,-0.021953,4.8704e-06,-0.27272,0.23398,-4.2086e-21
0.0049957,0.0060609,0.0037669,0.056452,0.068096,0.049643,0.99935,0.027611,-0.02313,5.6863e-06,-0.27557,0.23713,3.4168e-21
0.0055846,0.0067708,0.0042886,0.061359,0.07395,0.054759,0.99928,0.028994,-0.024322,6.6086e-06,-0.27798,0.23994,-3.0983e-21
0.0062238,0.0075409,0.0048631,0.066531,0.080111,0.060191,0.99921,0.030388,-0.025526,7.6473e-06,-0.27984,0.24231,1.6279e-21
0.0069161,0.0083741,0.0054935,0.071972,0.086583,0.065943,0.99914,0.031789,-0.026742,8.8125e-06,-0.28125,0.24435,1.7774e-20
0.0076642,0.0092736,0.006183,0.077686,0.09337,0.072015,0.99906,0.033197,-0.027967,1.0115e-05,-0.28225,0.24606,1.8242e-21
0.0084707,0.010243,0.0069349,0.083677,0.10048,0.078408,0.99897,0.034608,-0.0292,1.1566e-05,-0.28279,0.24743,8.2563e-21
0.0093386,0.011284,0.0077522,0.089947,0.1079,0.085119,0.99889,0.036021,-0.030438,1.3176e-05,-0.28287,0.24845,-1.0208e-20
0.010271,0.012402,0.0086383,0.096499,0.11565,0.092148,0.9988,0.037432,-0.03168,1.4959e-05,-0.2824,0.24901,-2.1005e-20
0.01127,0.013598,0.0095963,0.10334,0.12372,0.099491,0.9987,0.03884,-0.032924,1.6925e-05,-0.28149,0.24923,-1.808e-20
0.012338,0.014877,0.010629,0.11046,0.13211,0.10714,0.99861,0.040243,-0.034168,1.9087e-05,-0.28016,0.24913,-3.0164e-21
0.01348,0.016242,0.01174,0.11787,0.14083,0.1151,0.99851,0.041637,-0.035411,2.1458e-05,-0.2784,0.24869,-1.7468e-20
0.014697,0.017695,0.012932,0.12557,0.14988,0.12336,0.9984,0.043021,-0.036651,2.4051e-05,-0.27621,0.24791,-6.768e-21
0.015992,0.01924,0.014208,0.13355,0.15924,0.1319,0.9983,0.044393,-0.037885,2.6879e-05,-0.27347,0.24668,-1.8113e-20
0.017369,0.020881,0.015571,0.14183,0.16893,0.14073,0.99819,0.04575,-0.039113,2.9955e-05,-0.27033,0.24512,-2.4493e-20
0.01883,0.02262,0.017024,0.15039,0.17894,0.14984,0.99808,0.047091,-0.040331,3.3292e-05,-0.2668,0.24325,-2.7598e-20
0.020377,0.024461,0.018569,0.15924,0.18926,0.15922,0.99796,0.048412,-0.04154,3.6904e-05,-0.26286,0.24106,-3.0995e-20
0.022015,0.026406,0.020209,0.16838,0.19989,0.16885,0.99785,0.049713,-0.042736,4.0803e-05,-0.25851,0.23853,-2.8136e-20
0.023746,0.028459,0.021947,0.17779,0.21083,0.17873,0.99773,0.05099,-0.043919,4.5003e-05,-0.25368,0.23558,-2.4004e-20
0.025572,0.030624,0.023784,0.18749,0.22208,0.18884,0.99762,0.052243,-0.045086,4.9517e-05,-0.24848,0.23234,-1.5225e-20
0.027497,0.032902,0.025724,0.19746,0.23362,0.19918,0.9975,0.053468,-0.046236,5.4358e-05,-0.24293,0.22881,-1.4654e-20
0.029522,0.035297,0.027769,0.20771,0.24546,0.20974,0.99738,0.054665,-0.047368,5.9538e-05,-0.23702,0.22497,-2.3784e-20
0.031652,0.037812,0.02992,0.21823,0.25757,0.2205,0.99726,0.055831,-0.048479,6.5071e-05,-0.23076,0.22085,-2.2909e-20
0.033888,0.04045,0.032179,0.229,0.26997,0.23146,0.99714,0.056965,-0.049569,7.0969e-05,-0.22407,0.21634,-2.9103e-20
0.036233,0.043212,0.03455,0.24004,0.28264,0.24259,0.99703,0.058065,-0.050636,7.7243e-05,-0.21708,0.21159,-3.047e-20
0.038689,0.046103,0.037032,0.25133,0.29557,0.2539,0.99691,0.059129,-0.051678,8.3907e-05,-0.2098,0.20658,-3.5573e-20
0.04126,0.049125,0.039628,0.26287,0.30875,0.26536,0.9968,0.060155,-0.052695,9.097e-05,-0.20221,0.20131,-4.5037e-20
0.043948,0.052279,0.04234,0.27465,0.32218,0.27698,0.99668,0.061143,-0.053684,9.8445e-05,-0.19433,0.19577,-4.8281e-20
0.046754,0.055569,0.045168,0.28667,0.33585,0.28873,0.99657,0.062091,-0.054645,0.00010634,-0.18609,0.18991,-5.0428e-20
0.049682,0.058997,0.048115,0.29891,0.34973,0.3006,0.99647,0.062997,-0.055577,0.00011468,-0.17763,0.18386,-4.8278e-20
0.052733,0.062564,0.05118,0.31138,0.36384,0.31259,0.99636,0.06386,-0.056477,0.00012345,-0.16894,0.1776,-4.8135e-20
0.05591,0.066274,0.054367,0.32405,0.37815,0.32469,0.99626,0.06468,-0.057346,0.00013268,-0.16001,0.17113,-4.9721e-20
0.059215,0.070128,0.057675,0.33693,0.39265,0.33689,0.99616,0.065454,-0.058182,0.00014237,-0.15084,0.16443,-4.9873e-20
0.062649,0.074128,0.061105,0.35001,0.40733,0.34917,0.99606,0.066181,-0.058983,0.00015254,-0.14141,0.15748,-5.282e-20
0.066216,0.078275,0.064658,0.36327,0.42219,0.36153,0.99597,0.066862,-0.05975,0.00016319,-0.13183,0.1504,-5.1706e-20
0.069915,0.082572,0.068336,0.37672,0.4372,0.37396,0.99588,0.067494,-0.060481,0.00017434,-0.12208,0.14316,-5.1307e-20
0.073751,0.08702,0.072138,0.39033,0.45236,0.38646,0.9958,0.068077,-0.061176,0.00018598,-0.11214,0.13575,-5.4825e-20
0.077723,0.09162,0.076065,0.40411,0.46766,0.39901,0.99573,0.06861,-0.061833,0.00019814,-0.10205,0.12817,-5.6435e-20
0.081833,0.096373,0.080118,0.41803,0.48307,0.41161,0.99565,0.069092,-0.062452,0.00021082,-0.091773,0.1204,-5.6424e-20
0.086084,0.10128,0.084297,0.4321,0.4986,0.42425,0.99559,0.069523,-0.063032,0.00022402,-0.081417,0.11257,-5.362e-20
0.090476,0.10635,0.088603,0.4463,0.51423,0.43693,0.99553,0.069902,-0.063572,0.00023776,-0.070948,0.10462,-5.5526e-20
0.09501,0.11157,0.093036,0.46062,0.52994,0.44964,0.99547,0.070229,-0.064073,0.00025205,-0.060338,0.096516,-5.5133e-20
0.099688,0.11694,0.097596,0.47506,0.54572,0.46238,0.99542,0.070503,-0.064533,0.00026689,-0.049683,0.088374,-5.4195e-20
0.10451,0.12248,0.10228,0.48959,0.56156,0.47513,0.99538,0.070723,-0.064953,0.0002823,-0.038937,0.080129,-5.3652e-20
0.10948,0.12818,0.1071,0.50422,0.57744,0.48791,0.99534,0.07089,-0.065331,0.00029827,-0.028126,0.071808,-5.3571e-20
0.1146,0.13403,0.11204,0.51894,0.59336,0.50069,0.99531,0.071003,-0.065667,0.00031483,-0.017253,0.063411,-5.3588e-20
0.11986,0.14004,0.11711,0.53372,0.6093,0.51349,0.99529,0.071061,-0.065962,0.00033197,-0.0063489,0.054974,-5.3538e-20
0.12527,0.14622,0.12231,0.54857,0.62524,0.52629,0.99527,0.071065,-0.066214,0.00034971,0.004579,0.046502,-5.3515e-20
0.13083,0.15255,0.12764,0.56346,0.64118,0.53909,0.99526,0.071015,-0.066425,0.00036805,0.015522,0.038002,-5.3625e-20
0.13654,0.15904,0.13309,0.5784,0.6571,0.55189,0.99526,0.070911,-0.066592,0.00038701,0.026473,0.029475,-5.3708e-20
0.1424,0.16569,0.13868,0.59337,0.67298,0.56469,0.99526,0.070752,-0.066718,0.00040658,0.037414,0.020946,-5.3684e-20
0.14841,0.1725,0.14439,0.60836,0.68882,0.57748,0.99527,0.070538,-0.066801,0.00042679,0.048331,0.012427,-5.3691e-20
0.15457,0.17947,0.15023,0.62337,0.7046,0.59026,0.99529,0.070271,-0.066841,0.00044764,0.059223,0.0039149,-5.3584e-20
0.16088,0.18659,0.15619,0.63837,0.72031,0.60302,0.99531,0.069949,-0.066839,0.00046913,0.070074,-0.0045745,-5.3578e-20
0.16733,0.19387,0.16229,0.65336,0.73594,0.61578,0.99534,0.069573,-0.066795,0.00049128,0.080876,-0.013035,-5.3598e-20
0.17394,0.20131,0.16851,0.66833,0.75146,0.62851,0.99537,0.069144,-0.066709,0.00051409,0.091614,-0.021447,-5.4064e-20
0.1807,0.2089,0.17486,0.68327,0.76688,0.64122,0.99542,0.068662,-0.066582,0.00053757,0.10228,-0.029802,-5.3868e-20
0.18761,0.21665,0.18133,0.69817,0.78217,0.65391,0.99546,0.068126,-0.066412,0.00056173,0.11286,-0.038098,-5.3932e-20
0.19466,0.22454,0.18793,0.71302,0.79733,0.66657,0.99552,0.067539,-0.066202,0.00058657,0.12335,-0.046308,-5.3947e-20
0.20187,0.23259,0.19466,0.72781,0.81234,0.6792,0.99558,0.066899,-0.06595,0.0006121,0.13374,-0.054442,-5.5275e-20
0.20922,0.24079,0.20152,0.74253,0.82719,0.6918,0.99564,0.066207,-0.065659,0.00063834,0.14404,-0.062529,-5.579e-20
0.21672,0.24914,0.2085,0.75716,0.84187,0.70435,0.99571,0.065465,-0.065327,0.00066527,0.15422,-0.070528,-5.6751e-20
0.22436,0.25763,0.21561,0.77171,0.85636,0.71686,0.99579,0.064673,-0.064956,0.00069292,0.16425,-0.078368,-5.65e-20
0.23215,0.26626,0.22284,0.78616,0.87066,0.72933,0.99587,0.06383,-0.064546,0.00072128,0.17416,-0.086107,-5.7365e-20
0.24009,0.27504,0.23019,0.8005,0.88475,0.74174,0.99596,0.062939,-0.064097,0.00075037,0.18392,-0.093738,-5.765e-20
0.24816,0.28396,0.23767,0.81472,0.89862,0.7541,0.99605,0.061999,-0.063611,0.00078017,0.19353,-0.10123,-5.8423e-20
0.25638,0.29301,0.24527,0.82882,0.91226,0.76639,0.99614,0.061012,-0.063087,0.0008107,0.20298,-0.10859,-5.7045e-20
0.26474,0.3022,0.253,0.84277,0.92566,0.77862,0.99624,0.059979,-0.062527,0.00084196,0.21227,-0.11582,-5.1378e-20
0.27323,0.31152,0.26085,0.85659,0.93881,0.79077,0.99634,0.058899,-0.061932,0.00087394,0.22138,-0.12292,-4.5351e-20
0.28187,0.32098,0.26881,0.87025,0.9517,0.80284,0.99645,0.057774,-0.061301,0.00090666,0.23031,-0.12984,-3.2761e-20
0.29064,0.33056,0.2769,0.88374,0.96431,0.81482,0.99655,0.056605,-0.060636,0.0009401,0.23905,-0.13658,-4.3178e-20
0.29954,0.34026,0.28511,0.89707,0.97664,0.82671,0.99666,0.055393,-0.059937,0.00097428,0.24759,-0.14313,-4.2818e-20
0.30858,0.35009,0.29344,0.91022,0.98867,0.83851,0.99678,0.054139,-0.059206,0.0010092,0.25593,-0.14951,-4.0149e-20
0.31775,0.36003,0.30188,0.92319,1.0004,0.85019,0.99689,0.052844,-0.058443,0.0010448,0.2641,-0.15596,-4.2468e-20
0.32704,0.3701,0.31044,0.93596,1.0118,0.86176,0.99701,0.051508,-0.057649,0.0010811,0.27203,-0.162,-4.6245e-20
0.33647,0.38027,0.31911,0.94853,1.0229,0.87321,0.99712,0.050134,-0.056825,0.0011182,0.27976,-0.16802,-4.3414e-20
0.34601,0.39055,0.3279,0.96089,1.0337,0.88453,0.99724,0.048721,-0.055972,0.0011559,0.28725,-0.17367,-4.402e-20
0.35568,0.40094,0.3368,0.97304,1.0441,0.89572,0.99736,0.047272,-0.055091,0.0011943,0.29452,-0.17915,-3.2529e-20
0.36547,0.41143,0.34582,0.98497,1.0542,0.90676,0.99748,0.045786,-0.054182,0.0012335,0.30157,-0.18453,-3.5339e-20
0.37538,0.42203,0.35494,0.99667,1.064,0.91765,0.9976,0.044266,-0.053247,0.0012733,0.30838,-0.18965,-3.5128e-20
0.38541,0.43271,0.36417,1.0081,1.0734,0.92838,0.99772,0.042713,-0.052286,0.0013137,0.31497,-0.19456,-3.0909e-20
0.39554,0.44349,0.37351,1.0194,1.0824,0.93894,0.99784,0.041127,-0.051301,0.0013548,0.32132,-0.1993,-2.2712e-20
0.40579,0.45436,0.38295,1.0304,1.0911,0.94933,0.99795,0.03951,-0.050293,0.0013966,0.32742,-0.20386,-1.7941e-20
0.41615,0.46531,0.39249,1.0411,1.0993,0.95954,0.99807,0.037862,-0.049262,0.0014389,0.33328,-0.20824,-6.7594e-21
0.42661,0.47635,0.40214,1.0516,1.1072,0.96956,0.99818,0.036187,-0.04821,0.0014819,0.33891,-0.21237,-5.0632e-21
0.43718,0.48746,0.41188,1.0618,1.1147,0.97939,0.99829,0.034483,-0.047137,0.0015254,0.34432,-0.21625,-1.3931e-20
0.44785,0.49864,0.42172,1.0718,1.1218,0.98902,0.9984,0.032754,-0.046045,0.0015695,0.34949,-0.21995,-1.8339e-20
0.45862,0.50989,0.43166,1.0815,1.1286,0.99844,0.99851,0.030999,-0.044934,0.0016142,0.35434,-0.2236,-1.267e-20
0.46948,0.52121,0.44169,1.091,1.1349,1.0076,0.99861,0.02922,-0.043806,0.0016594,0.35892,-0.2271,-2.5696e-20
0.48043,0.53259,0.45181,1.1001,1.1408,1.0166,0.99871,0.027418,-0.042661,0.0017051,0.36331,-0.23028,-2.3834e-20
0.49148,0.54402,0.46202,1.109,1.1463,1.0254,0.99881,0.025596,-0.041501,0.0017513,0.36749,-0.23323,-2.9619e-20
0.50261,0.55551,0.47232,1.1176,1.1514,1.0339,0.9989,0.023752,-0.040326,0.0017979,0.37144,-0.23595,-3.1744e-20
0.51383,0.56705,0.4827,1.126,1.1561,1.0422,0.99899,0.02189,-0.039137,0.001845,0.37517,-0.23847,-1.9832e-20
0.52513,0.57863,0.49317,1.1341,1.1604,1.0503,0.99908,0.02001,-0.037935,0.0018924,0.3785,-0.24102,-1.2323e-20
0.53651,0.59026,0.50371,1.1418,1.1643,1.0581,0.99916,0.018114,-0.036722,0.0019403,0.38166,-0.24328,-1.9465e-21
0.54797,0.60192,0.51433,1.1494,1.1677,1.0657,0.99924,0.016201,-0.035498,0.0019886,0.38465,-0.24529,-1.1811e-20
0.5595,0.61361,0.52502,1.1566,1.1707,1.073,0.99931,0.014275,-0.034264,0.0020371,0.38742,-0.24711,-3.9455e-21
0.5711,0.62533,0.53579,1.1635,1.1734,1.0801,0.99938,0.012336,-0.033021,0.002086,0.39006,-0.24866,1.9846e-20
0.58277,0.63708,0.54662,1.1702,1.1756,1.087,0.99944,0.010384,-0.03177,0.0021352,0.39213,-0.25035,2.9408e-20
0.5945,0.64884,0.55753,1.1765,1.1773,1.0935,0.9995,0.0084217,-0.030511,0.0021846,0.39412,-0.25174,3.0254e-20
0.6063,0.66062,0.56849,1.1826,1.1787,1.0999,0.99955,0.0064498,-0.029246,0.0022342,0.39599,-0.25288,2.5033e-20
0.61815,0.67241,0.57952,1.1884,1.1796,1.106,0.9996,0.0044692,-0.027975,0.0022841,0.39765,-0.25385,2.6455e-20
0.63006,0.68421,0.59061,1.194,1.1802,1.1118,0.99964,0.0024812,-0.0267,0.0023341,0.39926,-0.25456,1.8006e-20
0.64203,0.69601,0.60176,1.1992,1.1803,1.1174,0.99967,0.00048664,-0.02542,0.0023843,0.40001,-0.25552,7.8934e-21
0.65405,0.70782,0.61296,1.2041,1.18,1.1227,0.9997,-0.0015132,-0.024137,0.0024346,0.40106,-0.25602,1.5408e-20
0.66611,0.71961,0.62421,1.2088,1.1793,1.1277,0.99973,-0.0035173,-0.022851,0.002485,0.40188,-0.25639,-2.4475e-21
0.67822,0.7314,0.63551,1.2132,1.1781,1.1326,0.99975,-0.0055247,-0.021564,0.0025355,0.40245,-0.25665,1.7354e-20
0.69038,0.74317,0.64686,1.2173,1.1766,1.1371,0.99976,-0.0075343,-0.020276,0.002586,0.40295,-0.2567,9.8879e-22
0.70257,0.75493,0.65825,1.2212,1.1746,1.1415,0.99977,-0.0095452,-0.018987,0.0026365,0.40307,-0.25671,6.421e-22
0.7148,0.76667,0.66969,1.2247,1.1723,1.1456,0.99977,-0.011556,-0.017699,0.002687,0.40306,-0.25655,2.3714e-20
0.72706,0.77837,0.68116,1.228,1.1695,1.1494,0.99977,-0.013567,-0.016411,0.0027374,0.40298,-0.25623,3.1542e-20
0.73936,0.79005,0.69268,1.231,1.1664,1.153,0.99976,-0.015576,-0.015126,0.0027878,0.40276,-0.25579,3.1433e-20
0.75168,0.8017,0.70422,1.2338,1.1628,1.1564,0.99975,-0.017582,-0.013842,0.0028382,0.40212,-0.25529,1.209e-20
0.76403,0.81331,0.7158,1.2362,1.1588,1.1595,0.99973,-0.019585,-0.012561,0.0028884,0.40093,-0.25474,6.0311e-21
0.77641,0.82488,0.72741,1.2384,1.1545,1.1624,0.9997,-0.021584,-0.011284,0.0029384,0.39994,-0.25399,-7.3141e-21
0.7888,0.8364,0.73905,1.2404,1.1497,1.1651,0.99967,-0.023578,-0.010011,0.0029883,0.39894,-0.2531,-8.9041e-21
0.80121,0.84787,0.75071,1.242,1.1446,1.1676,0.99963,-0.025565,-0.0087424,0.003038,0.39771,-0.25212,-1.441e-20
0.81364,0.85929,0.7624,1.2435,1.139,1.1698,0.99959,-0.027546,-0.0074788,0.0030875,0.39643,-0.25102,9.6005e-21
0.82608,0.87065,0.77411,1.2446,1.1331,1.1718,0.99954,-0.029518,-0.006221,0.0031368,0.39479,-0.24984,2.0491e-20
0.83853,0.88195,0.78584,1.2455,1.1268,1.1736,0.99949,-0.031483,-0.0049693,0.0031858,0.39301,-0.24856,1.3206e-20
0.85099,0.89318,0.79758,1.2462,1.1201,1.1752,0.99943,-0.033438,-0.0037243,0.0032346,0.39113,-0.24718,-1.1329e-20
0.86345,0.90435,0.80934,1.2466,1.1131,1.1766,0.99937,-0.035383,-0.0024864,0.003283,0.38912,-0.24571,-4.2924e-21
0.87592,0.91544,0.82111,1.2467,1.1057,1.1778,0.9993,-0.037318,-0.0012561,0.0033312,0.38696,-0.24416,-1.1209e-20
0.88839,0.92646,0.83289,1.2466,1.0979,1.1787,0.99922,-0.03924,-3.3787e-05,0.003379,0.38457,-0.24251,-5.2961e-21
0.90085,0.9374,0.84469,1.2462,1.0897,1.1795,0.99915,-0.041151,0.00118,0.0034265,0.38204,-0.24078,-8.5761e-21
0.91331,0.94825,0.85648,1.2457,1.0812,1.1801,0.99906,-0.043049,0.0023849,0.0034736,0.37942,-0.23897,-1.4161e-20
0.92576,0.95902,0.86829,1.2448,1.0723,1.1805,0.99898,-0.044933,0.0035805,0.0035203,0.37668,-0.23708,-3.3065e-20
0.93821,0.9697,0.88009,1.2438,1.0631,1.1806,0.99889,-0.046803,0.0047664,0.0035666,0.37389,-0.23513,-3.9159e-20
0.95064,0.98028,0.8919,1.2425,1.0535,1.1806,0.99879,-0.048658,0.0059423,0.0036125,0.37086,-0.23309,-3.4294e-20
0.96305,0.99077,0.9037,1.2409,1.0436,1.1804,0.99869,-0.050498,0.0071077,0.003658,0.36773,-0.23098,-4.6049e-20
0.97546,1.0012,0.91551,1.2392,1.0333,1.18,0.99859,-0.052322,0.0082624,0.003703,0.36455,-0.22882,-4.3916e-20
0.98784,1.0114,0.9273,1.2372,1.0227,1.1794,0.99848,-0.054129,0.009406,0.0037476,0.36126,-0.2266,-4.5566e-20
1.0002,1.0216,0.93909,1.235,1.0118,1.1787,0.99837,-0.055918,0.010538,0.0037917,0.35776,-0.22429,-4.4891e-20
1.0125,1.0317,0.95088,1.2326,1.0005,1.1777,0.99826,-0.057691,0.011659,0.0038353,0.35408,-0.22192,-5.5613e-20
1.0248,1.0416,0.96265,1.2299,0.98896,1.1766,0.99814,-0.059444,0.012767,0.0038784,0.35041,-0.2195,-4.5096e-20
1.0371,1.0514,0.97441,1.2271,0.97705,1.1752,0.99802,-0.06118,0.013863,0.0039211,0.34669,-0.21705,-4.6756e-20
1.0494,1.0612,0.98615,1.224,0.96484,1.1737,0.9979,-0.062896,0.014946,0.0039632,0.3429,-0.21455,-6.0408e-20
1.0616,1.0707,0.99788,1.2208,0.95231,1.172,0.99778,-0.064592,0.016017,0.0040047,0.33897,-0.21198,-8.0149e-20
1.0738,1.0802,1.0096,1.2173,0.93948,1.1701,0.99765,-0.066268,0.017075,0.0040458,0.33486,-0.20936,-6.5205e-20
1.086,1.0895,1.0213,1.2136,0.92635,1.1681,0.99752,-0.067923,0.018119,0.0040863,0.3307,-0.20669,-7.3013e-20
1.0981,1.0987,1.033,1.2098,0.91292,1.1658,0.99739,-0.069558,0.01915,0.0041263,0.32651,-0.204,-6.4916e-20
1.1102,1.1078,1.0446,1.2057,0.8992,1.1634,0.99725,-0.071171,0.020167,0.0041657,0.32224,-0.20127,-7.2017e-20
1.1222,1.1167,1.0562,1.2015,0.8852,1.1608,0.99712,-0.072763,0.021171,0.0042045,0.31798,-0.19852,-7.2831e-20
1.1342,1.1255,1.0678,1.197,0.87092,1.158,0.99698,-0.074333,0.02216,0.0042428,0.3135,-0.1957,-7.7565e-20
1.1461,1.1341,1.0794,1.1924,0.85637,1.155,0.99684,-0.07588,0.023135,0.0042805,0.30906,-0.19288,-9.4873e-20
1.158,1.1426,1.0909,1.1876,0.84154,1.1518,0.9967,-0.077405,0.024096,0.0043176,0.30463,-0.19005,-1.0441e-19
1.1699,1.151,1.1024,1.1827,0.82645,1.1485,0.99656,-0.078907,0.025042,0.0043542,0.30012,-0.18719,-1.0952e-19
1.1817,1.1591,1.1139,1.1775,0.8111,1.1449,0.99642,-0.080386,0.025973,0.0043902,0.29537,-0.18425,-1.1278e-19
1.1934,1.1672,1.1253,1.1722,0.7955,1.1412,0.99627,-0.081841,0.02689,0.0044256,0.29062,-0.1813,-1.2328e-19
1.2051,1.1751,1.1367,1.1667,0.77965,1.1373,0.99613,-0.083273,0.027792,0.0044604,0.2859,-0.17835,-1.1571e-19
1.2168,1.1828,1.1481,1.1611,0.76355,1.1333,0.99599,-0.084681,0.02868,0.0044947,0.28118,-0.17541,-1.1531e-19
1.2283,1.1903,1.1594,1.1553,0.74722,1.129,0.99584,-0.086065,0.029552,0.0045283,0.2764,-0.17244,-1.0952e-19
1.2399,1.1977,1.1706,1.1493,0.73065,1.1246,0.9957,-0.087425,0.030409,0.0045614,0.27154,-0.16945,-1.0661e-19
1.2513,1.2049,1.1819,1.1432,0.71386,1.12,0.99555,-0.08876,0.031251,0.0045939,0.26659,-0.16642,-1.1375e-19
1.2627,1.212,1.193,1.1369,0.69684,1.1153,0.99541,-0.090071,0.032078,0.0046258,0.26169,-0.16342,-1.1824e-19
1.2741,1.2189,1.2042,1.1305,0.6796,1.1103,0.99526,-0.091357,0.03289,0.0046571,0.2568,-0.16042,-1.1614e-19
1.2853,1.2256,1.2152,1.124,0.66215,1.1052,0.99512,-0.092619,0.033686,0.0046879,0.25185,-0.1574,-1.1935e-19
1.2966,1.2321,1.2263,1.1173,0.64449,1.0999,0.99498,-0.093855,0.034468,0.0047181,0.24687,-0.15438,-1.1538e-19
1.3077,1.2385,1.2372,1.1104,0.62663,1.0945,0.99484,-0.095067,0.035234,0.0047477,0.24178,-0.15132,-1.1815e-19
1.3188,1.2446,1.2482,1.1035,0.60857,1.0889,0.99469,-0.096254,0.035985,0.0047767,0.23679,-0.14831,-1.2455e-19
1.3298,1.2506,1.259,1.0964,0.59032,1.0831,0.99455,-0.097415,0.03672,0.0048052,0.23181,-0.1453,-1.203e-19
1.3407,1.2565,1.2698,1.0892,0.57188,1.0772,0.99442,-0.098552,0.037441,0.0048332,0.22673,-0.14227,-1.1832e-19
1.3515,1.2621,1.2806,1.0818,0.55326,1.0711,0.99428,-0.099663,0.038146,0.0048606,0.22165,-0.13925,-1.1856e-19
1.3623,1.2675,1.2912,1.0743,0.53445,1.0649,0.99414,-0.10075,0.038836,0.0048874,0.2166,-0.13624,-1.1342e-19
1.373,1.2728,1.3019,1.0668,0.51548,1.0585,0.99401,-0.10181,0.039511,0.0049137,0.21146,-0.13321,-1.1108e-19
1.3837,1.2778,1.3124,1.0591,0.49633,1.052,0.99387,-0.10284,0.04017,0.0049395,0.2064,-0.13023,-1.1268e-19
1.3942,1.2827,1.3229,1.0512,0.47701,1.0454,0.99374,-0.10385,0.040815,0.0049647,0.20137,-0.12726,-1.1273e-19
1.4047,1.2874,1.3333,1.0433,0.45754,1.0386,0.99361,-0.10484,0.041444,0.0049894,0.1961,-0.12421,-1.103e-19
1.4151,1.2918,1.3437,1.0353,0.43791,1.0316,0.99349,-0.10579,0.042059,0.0050137,0.19094,-0.12121,-1.0799e-19
1.4254,1.2961,1.354,1.0271,0.41812,1.0246,0.99336,-0.10673,0.042658,0.0050374,0.18585,-0.11826,-1.0676e-19
1.4356,1.3002,1.3642,1.0189,0.39819,1.0174,0.99324,-0.10763,0.043243,0.0050606,0.18059,-0.11525,-1.0392e-19
1.4458,1.3041,1.3743,1.0106,0.37811,1.0101,0.99312,-0.10852,0.043812,0.0050833,0.17544,-0.11229,-1.0293e-19
1.4558,1.3078,1.3844,1.0021,0.35789,1.0027,0.993,-0.10937,0.044367,0.0051056,0.17031,-0.10936,-1.0618e-19
1.4658,1.3112,1.3944,0.99363,0.33754,0.99519,0.99288,-0.1102,0.044907,0.0051274,0.16515,-0.10643,-1.0409e-19
1.4757,1.3145,1.4043,0.98501,0.31706,0.98757,0.99277,-0.11101,0.045432,0.0051487,0.15993,-0.10348,-1.0811e-19
1.4855,1.3176,1.4141,0.97631,0.29644,0.97985,0.99266,-0.11178,0.045942,0.0051696,0.15476,-0.10057,-1.1105e-19
1.4952,1.3204,1.4239,0.96752,0.27571,0.97203,0.99255,-0.11254,0.046438,0.00519,0.14959,-0.097676,-1.1022e-19
1.5049,1.3231,1.4335,0.95865,0.25485,0.96412,0.99244,-0.11326,0.046919,0.0052101,0.14434,-0.094757,-1.0698e-19
1.5144,1.3255,1.4431,0.9497,0.23388,0.95613,0.99234,-0.11396,0.047386,0.0052296,0.13901,-0.091818,-1.0745e-19
1.5239,1.3278,1.4527,0.94067,0.21279,0.94805,0.99224,-0.11464,0.047838,0.0052488,0.13378,-0.088935,-1.0511e-19
1.5332,1.3298,1.4621,0.93157,0.1916,0.9399,0.99214,-0.11529,0.048275,0.0052676,0.12853,-0.086059,-1.0553e-19
1.5425,1.3316,1.4715,0.92239,0.17031,0.93167,0.99205,-0.11591,0.048698,0.005286,0.12327,-0.08319,-1.0413e-19
1.5517,1.3332,1.4807,0.91314,0.14891,0.92338,0.99196,-0.1165,0.049107,0.005304,0.11802,-0.080344,-1.0338e-19
1.5607,1.3346,1.4899,0.90382,0.12742,0.91502,0.99187,-0.11707,0.049502,0.0053216,0.11278,-0.07751,-1.0357e-19
1.5697,1.3358,1.499,0.89444,0.10584,0.9066,0.99179,-0.11762,0.049882,0.0053389,0.10743,-0.074645,-1.0525e-19
1.5786,1.3367,1.5081,0.88499,0.084169,0.89813,0.99171,-0.11814,0.050248,0.0053559,0.1021,-0.071802,-1.0518e-19
1.5874,1.3374,1.517,0.87548,0.062415,0.8896,0.99163,-0.11863,0.050599,0.0053725,0.096781,-0.068976,-1.0508e-19
1.5961,1.338,1.5259,0.86592,0.04058,0.88103,0.99156,-0.11909,0.050937,0.0053887,0.091471,-0.066168,-1.0474e-19
1.6048,1.3382,1.5346,0.85629,0.01867,0.87242,0.99149,-0.11953,0.05126,0.0054047,0.086125,-0.063358,-1.0449e-19
1.6133,1.3383,1.5433,0.84662,-0.003311,0.86377,0.99143,-0.11994,0.05157,0.0054203,0.080764,-0.060554,-1.0492e-19
1.6217,1.3382,1.5519,0.83689,-0.02536,0.85508,0.99136,-0.12033,0.051865,0.0054356,0.075382,-0.057753,-1.0606e-19
1.63,1.3378,1.5604,0.82711,-0.047472,0.84635,0.99131,-0.12069,0.052146,0.0054507,0.069977,-0.054955,-1.0607e-19
1.6382,1.3372,1.5688,0.81728,-0.069642,0.8376,0.99125,-0.12102,0.052414,0.0054655,0.064611,-0.052187,-1.0641e-19
1.6464,1.3364,1.5772,0.80741,-0.091866,0.82882,0.9912,-0.12132,0.052667,0.00548,0.05921,-0.049414,-1.0668e-19
1.6544,1.3354,1.5854,0.7975,-0.11414,0.82002,0.99115,-0.1216,0.052907,0.0054943,0.053788,-0.046644,-1.0645e-19
1.6623,1.3341,1.5936,0.78755,-0.13646,0.8112,0.99111,-0.12185,0.053133,0.0055083,0.04835,-0.043877,-1.0598e-19
1.6701,1.3327,1.6016,0.77756,-0.15882,0.80236,0.99107,-0.12208,0.053344,0.005522,0.042921,-0.041125,-1.0652e-19
1.6779,1.331,1.6096,0.76753,-0.18121,0.79351,0.99104,-0.12228,0.053543,0.0055356,0.037494,-0.038384,-1.0655e-19
1.6855,1.329,1.6175,0.75747,-0.20364,0.78464,0.991,-0.12245,0.053727,0.0055489,0.032031,-0.035636,-1.0638e-19
1.693,1.3269,1.6253,0.74738,-0.22609,0.77576,0.99098,-0.12259,0.053898,0.005562,0.026575,-0.032901,-1.0649e-19
1.7004,1.3245,1.633,0.73727,-0.24856,0.76688,0.99095,-0.12271,0.054054,0.0055749,0.021132,-0.030181,-1.0645e-19
1.7077,1.3219,1.6406,0.72712,-0.27105,0.75798,0.99093,-0.1228,0.054198,0.0055876,0.015655,-0.027453,-1.0643e-19
1.715,1.3191,1.6482,0.71696,-0.29355,0.74909,0.99092,-0.12286,0.054327,0.0056001,0.010196,-0.024742,-1.0648e-19
1.7221,1.316,1.6556,0.70677,-0.31605,0.74019,0.99091,-0.1229,0.054443,0.0056125,0.0047255,-0.022033,-1.0649e-19
1.7291,1.3128,1.663,0.69657,-0.33856,0.73129,0.9909,-0.12291,0.054546,0.0056246,-0.00074616,-0.019331,-1.065e-19
1.736,1.3093,1.6702,0.68635,-0.36106,0.7224,0.9909,-0.12289,0.054635,0.0056366,-0.006217,-0.016635,-1.065e-19
1.7428,1.3056,1.6774,0.67611,-0.38356,0.7135,0.9909,-0.12285,0.054711,0.0056485,-0.011681,-0.013949,-1.0653e-19
1.7495,1.3016,1.6845,0.66587,-0.40604,0.70461,0.99091,-0.12278,0.054773,0.0056602,-0.017152,-0.011266,-1.0657e-19
1.7561,1.2974,1.6915,0.65561,-0.42851,0.69573,0.99092,-0.12268,0.054821,0.0056717,-0.022619,-0.0085895,-1.0658e-19
1.7627,1.293,1.6984,0.64535,-0.45095,0.68685,0.99093,-0.12255,0.054856,0.0056831,-0.028074,-0.0059238,-1.066e-19
1.7691,1.2884,1.7053,0.63509,-0.47337,0.67798,0.99095,-0.1224,0.054878,0.0056944,-0.033534,-0.0032602,-1.0659e-19
1.7754,1.2836,1.712,0.62483,-0.49575,0.66912,0.99097,-0.12222,0.054887,0.0057055,-0.038982,-0.00060601,-1.0658e-19
1.7816,1.2785,1.7186,0.61456,-0.51809,0.66027,0.99099,-0.12201,0.054882,0.0057165,-0.044423,0.0020412,-1.0658e-19
1.7876,1.2732,1.7252,0.6043,-0.54039,0.65144,0.99102,-0.12178,0.054864,0.0057274,-0.049854,0.0046805,-1.0658e-19
1.7936,1.2677,1.7317,0.59405,-0.56264,0.64262,0.99106,-0.12152,0.054833,0.0057382,-0.055286,0.0073178,-1.0659e-19
1.7995,1.262,1.738,0.5838,-0.58484,0.63381,0.99109,-0.12123,0.054788,0.0057488,-0.060689,0.0099392,-1.0672e-19
1.8053,1.256,1.7443,0.57357,-0.60698,0.62502,0.99114,-0.12092,0.054731,0.0057594,-0.066094,0.01256,-1.067e-19
1.811,1.2498,1.7505,0.56335,-0.62905,0.61625,0.99118,-0.12058,0.05466,0.0057698,-0.071483,0.015171,-1.0697e-19
1.8166,1.2434,1.7567,0.55314,-0.65106,0.60749,0.99123,-0.12021,0.054576,0.0057802,-0.076845,0.017769,-1.0689e-19
1.8221,1.2368,1.7627,0.54295,-0.673,0.59876,0.99128,-0.11982,0.054479,0.0057904,-0.082226,0.020376,-1.0688e-19
1.8274,1.23,1.7686,0.53279,-0.69485,0.59004,0.99134,-0.1194,0.05437,0.0058005,-0.08759,0.022974,-1.0697e-19
1.8327,1.2229,1.7745,0.52264,-0.71663,0.58135,0.9914,-0.11895,0.054247,0.0058106,-0.092911,0.025553,-1.0702e-19
1.8379,1.2156,1.7803,0.51252,-0.73832,0.57269,0.99146,-0.11848,0.054111,0.0058205,-0.098207,0.02812,-1.07e-19
1.843,1.2081,1.786,0.50243,-0.75991,0.56405,0.99153,-0.11798,0.053962,0.0058304,-0.10351,0.03069,-1.0702e-19
1.8479,1.2004,1.7915,0.49236,-0.78141,0.55543,0.9916,-0.11745,0.053801,0.0058402,-0.10878,0.033251,-1.0809e-19
1.8528,1.1925,1.7971,0.48233,-0.80281,0.54685,0.99168,-0.1169,0.053626,0.0058499,-0.11405,0.035807,-1.0848e-19
1.8576,1.1844,1.8025,0.47234,-0.82409,0.53829,0.99176,-0.11632,0.053439,0.0058595,-0.1193,0.038363,-1.0805e-19
1.8623,1.176,1.8078,0.46238,-0.84527,0.52977,0.99184,-0.11572,0.053239,0.005869,-0.12449,0.040886,-1.08e-19
1.8668,1.1675,1.8131,0.45245,-0.86633,0.52128,0.99192,-0.11509,0.053026,0.0058785,-0.12968,0.043416,-1.0812e-19
1.8713,1.1587,1.8183,0.44257,-0.88728,0.51282,0.99201,-0.11444,0.0528,0.0058878,-0.13483,0.045933,-1.0854e-19
1.8757,1.1497,1.8233,0.43274,-0.90809,0.5044,0.9921,-0.11376,0.052562,0.0058971,-0.13996,0.048439,-1.0931e-19
1.88,1.1405,1.8283,0.42294,-0.92878,0.49602,0.99219,-0.11305,0.052311,0.0059063,-0.1451,0.050957,-1.1013e-19
1.8841,1.1311,1.8333,0.4132,-0.94933,0.48768,0.99229,-0.11232,0.052048,0.0059154,-0.15021,0.053463,-1.0946e-19
1.8882,1.1215,1.8381,0.40351,-0.96974,0.47938,0.99239,-0.11156,0.051772,0.0059244,-0.1553,0.055969,-1.0973e-19
1.8922,1.1118,1.8428,0.39386,-0.99001,0.47112,0.99249,-0.11078,0.051483,0.0059333,-0.16033,0.058448,-1.0702e-19
1.8961,1.1017,1.8475,0.38428,-1.0101,0.46291,0.9926,-0.10997,0.051182,0.0059422,-0.16531,0.06091,-1.0608e-19
1.8999,1.0915,1.8521,0.37475,-1.0301,0.45474,0.99271,-0.10914,0.050869,0.005951,-0.17032,0.063392,-1.0492e-19
1.9036,1.0811,1.8566,0.36528,-1.0499,0.44662,0.99282,-0.10829,0.050543,0.0059596,-0.17528,0.065857,-1.0293e-19
1.9072,1.0706,1.861,0.35587,-1.0696,0.43856,0.99293,-0.10741,0.050204,0.0059682,-0.18024,0.068324,-1.0325e-19
1.9107,1.0598,1.8654,0.34652,-1.089,0.43054,0.99304,-0.1065,0.049854,0.0059767,-0.18515,0.07078,-1.0224e-19
1.9141,1.0488,1.8696,0.33724,-1.1084,0.42257,0.99316,-0.10557,0.049491,0.0059852,-0.19001,0.073217,-1.0188e-19
1.9175,1.0376,1.8738,0.32802,-1.1275,0.41466,0.99328,-0.10462,0.049115,0.0059935,-0.19483,0.07564,-1.0211e-19
1.9207,1.0262,1.8779,0.31888,-1.1465,0.40681,0.9934,-0.10364,0.048728,0.0060017,-0.19957,0.078033,-9.9215e-20
1.9238,1.0147,1.882,0.30981,-1.1652,0.39901,0.99353,-0.10264,0.048328,0.0060099,-0.20443,0.080493,-9.9597e-20
1.9269,1.0029,1.8859,0.30081,-1.1838,0.39127,0.99365,-0.10162,0.047916,0.0060179,-0.20914,0.082892,-9.9157e-20
1.9299,0.99099,1.8898,0.29189,-1.2022,0.38359,0.99378,-0.10057,0.047492,0.0060258,-0.21382,0.085281,-1.0196e-19
1.9327,0.97887,1.8936,0.28305,-1.2204,0.37597,0.99391,-0.099496,0.047055,0.0060337,-0.21848,0.08767,-9.9289e-20
1.9355,0.96658,1.8973,0.27429,-1.2384,0.36841,0.99404,-0.098402,0.046607,0.0060414,-0.22304,0.090019,-9.9107e-20
1.9382,0.95411,1.901,0.26561,-1.2562,0.36092,0.99417,-0.097284,0.046147,0.006049,-0.22765,0.0924,-9.4317e-20
1.9408,0.94145,1.9045,0.25701,-1.2738,0.35349,0.9943,-0.096144,0.045675,0.0060566,-0.23214,0.094735,-9.5708e-20
1.9434,0.92863,1.908,0.24851,-1.2912,0.34612,0.99443,-0.094982,0.045191,0.006064,-0.23651,0.097017,-9.6591e-20
1.9458,0.91563,1.9115,0.24009,-1.3084,0.33882,0.99457,-0.093797,0.044695,0.0060713,-0.2409,0.099322,-9.9275e-20
1.9482,0.90246,1.9148,0.23177,-1.3253,0.33159,0.9947,-0.09259,0.044187,0.0060785,-0.24545,0.10172,-1.0098e-19
1.9504,0.88913,1.9181,0.22354,-1.342,0.32442,0.99484,-0.091361,0.043668,0.0060856,-0.24986,0.10405,-1.1139e-19
1.9526,0.87562,1.9213,0.21541,-1.3585,0.31732,0.99498,-0.09011,0.043137,0.0060925,-0.25415,0.10633,-1.0416e-19
1.9547,0.86196,1.9244,0.20737,-1.3747,0.31029,0.99512,-0.088838,0.042594,0.0060994,-0.25832,0.10857,-1.1046e-19
1.9568,0.84813,1.9275,0.19944,-1.3908,0.30332,0.99525,-0.087545,0.04204,0.0061061,-0.26243,0.11079,-1.2042e-19
1.9587,0.83414,1.9305,0.19161,-1.4065,0.29643,0.99539,-0.086232,0.041475,0.0061127,-0.26669,0.11309,-1.1161e-19
1.9606,0.82,1.9334,0.18388,-1.422,0.2896,0.99553,-0.084897,0.040898,0.0061192,-0.27087,0.11537,-1.0715e-19
1.9624,0.8057,1.9363,0.17627,-1.4373,0.28283,0.99567,-0.083542,0.04031,0.0061256,-0.27491,0.11759,-1.0337e-19
1.9641,0.79125,1.9391,0.16876,-1.4523,0.27613,0.99581,-0.082167,0.03971,0.0061318,-0.27885,0.11976,-9.3567e-20
1.9658,0.77666,1.9418,0.16136,-1.4671,0.2695,0.99595,-0.080773,0.0391,0.0061379,-0.28269,0.1219,-8.5089e-20
1.9674,0.76191,1.9445,0.15408,-1.4816,0.26294,0.99608,-0.079358,0.038478,0.0061438,-0.28657,0.12407,-8.423e-20
1.9689,0.74703,1.9471,0.14691,-1.4959,0.25644,0.99622,-0.077925,0.037846,0.0061497,-0.29053,0.1263,-7.5284e-20
1.9703,0.732,1.9496,0.13986,-1.5098,0.25001,0.99636,-0.076473,0.037203,0.0061554,-0.29425,0.12841,-8.3754e-20
1.9717,0.71683,1.9521,0.13293,-1.5235,0.24364,0.99649,-0.075002,0.036549,0.006161,-0.29789,0.1305,-8.2157e-20
1.973,0.70153,1.9545,0.12613,-1.537,0.23733,0.99663,-0.073512,0.035884,0.0061664,-0.30145,0.13256,-8.2925e-20
1.9742,0.68609,1.9568,0.11944,-1.5501,0.23108,0.99676,-0.072005,0.035209,0.0061717,-0.30494,0.13459,-8.6878e-20
1.9754,0.67053,1.9591,0.11289,-1.563,0.2249,0.9969,-0.07048,0.034523,0.0061768,-0.30854,0.13669,-8.6587e-20
1.9765,0.65483,1.9613,0.10646,-1.5755,0.21877,0.99703,-0.068938,0.033827,0.0061819,-0.31192,0.13869,-8.2779e-20
1.9775,0.63902,1.9635,0.10017,-1.5878,0.2127,0.99716,-0.067379,0.033121,0.0061867,-0.31519,0.14065,-9.0403e-20
1.9785,0.62308,1.9656,0.094002,-1.5998,0.20669,0.99729,-0.065803,0.032405,0.0061915,-0.31831,0.14254,-8.8116e-20
1.9794,0.60702,1.9676,0.087973,-1.6115,0.20074,0.99741,-0.064212,0.031679,0.0061961,-0.32156,0.14451,-8.6156e-20
1.9802,0.59085,1.9696,0.082081,-1.6229,0.19484,0.99754,-0.062604,0.030943,0.0062006,-0.32486,0.14651,-8.5956e-20
1.981,0.57456,1.9715,0.076327,-1.634,0.18899,0.99766,-0.060981,0.030198,0.0062049,-0.32788,0.14839,-8.0697e-20
1.9817,0.55817,1.9734,0.070713,-1.6448,0.18319,0.99778,-0.059343,0.029443,0.0062091,-0.3308,0.15022,-8.2553e-20
1.9824,0.54167,1.9752,0.065242,-1.6553,0.17745,0.9979,-0.05769,0.028678,0.0062131,-0.3336,0.15201,-8.0656e-20
1.983,0.52507,1.9769,0.059915,-1.6655,0.17175,0.99802,-0.056023,0.027905,0.0062171,-0.33631,0.15377,-7.7507e-20
1.9836,0.50836,1.9786,0.054734,-1.6753,0.1661,0.99813,-0.054342,0.027122,0.0062208,-0.33927,0.15565,-7.2956e-20
1.9841,0.49156,1.9802,0.0497,-1.6849,0.1605,0.99825,-0.052647,0.026331,0.0062245,-0.34189,0.15737,-7.3101e-20
1.9846,0.47466,1.9818,0.044816,-1.6941,0.15494,0.99836,-0.050939,0.02553,0.006228,-0.34441,0.15905,-5.6999e-20
1.985,0.45768,1.9833,0.040083,-1.703,0.14942,0.99846,-0.049219,0.024721,0.0062314,-0.34681,0.16069,-4.8616e-20
1.9854,0.44061,1.9848,0.035502,-1.7116,0.14394,0.99857,-0.047486,0.023904,0.0062347,-0.34906,0.16226,-5.1347e-20
1.9857,0.42345,1.9862,0.031076,-1.7198,0.1385,0.99867,-0.045742,0.023079,0.0062378,-0.35161,0.16398,-4.3664e-20
1.986,0.40621,1.9876,0.026806,-1.7278,0.1331,0.99876,-0.043986,0.022245,0.0062408,-0.35384,0.16555,-5.3344e-20
1.9863,0.38889,1.9889,0.022694,-1.7354,0.12774,0.99886,-0.042219,0.021403,0.0062437,-0.35592,0.16706,-6.5956e-20
1.9865,0.3715,1.9901,0.01874,-1.7426,0.12241,0.99895,-0.040442,0.020554,0.0062464,-0.35789,0.16852,-5.7971e-20
1.9867,0.35404,1.9913,0.014947,-1.7496,0.11712,0.99904,-0.038654,0.019697,0.0062491,-0.35965,0.16989,-7.3994e-20
1.9868,0.33651,1.9925,0.011316,-1.7562,0.11185,0.99912,-0.036857,0.018833,0.0062516,-0.36177,0.17143,-7.9931e-20
1.9869,0.31892,1.9936,0.0078488,-1.7624,0.10662,0.9992,-0.035051,0.017962,0.006254,-0.36365,0.17286,-7.0327e-20
1.9869,0.30127,1.9946,0.004546,-1.7683,0.10141,0.99928,-0.033236,0.017084,0.0062564,-0.36528,0.17417,-6.2351e-20
1.987,0.28356,1.9956,0.0014092,-1.7739,0.096238,0.99936,-0.031412,0.016199,0.0062586,-0.36681,0.17544,-6.3518e-20
1.987,0.26579,1.9965,-0.0015602,-1.7792,0.091088,0.99943,-0.029581,0.015308,0.0062607,-0.3683,0.1767,-6.4187e-20
1.9869,0.24797,1.9974,-0.0043611,-1.7841,0.085963,0.99949,-0.027742,0.01441,0.0062627,-0.3697,0.17791,-7.2149e-20
1.9869,0.23011,1.9983,-0.0069923,-1.7886,0.080861,0.99955,-0.025896,0.013506,0.0062646,-0.37112,0.17914,-7.1635e-20
1.9868,0.2122,1.999,-0.0094525,-1.7928,0.075782,0.99961,-0.024044,0.012596,0.0062664,-0.37243,0.18031,-6.9767e-20
1.9867,0.19425,1.9998,-0.011741,-1.7967,0.070725,0.99967,-0.022186,0.011681,0.0062681,-0.37337,0.18131,-7.4213e-20
1.9866,0.17627,2.0004,-0.013856,-1.8002,0.065687,0.99972,-0.020322,0.01076,0.0062698,-0.37449,0.18239,-7.4197e-20
1.9864,0.15825,2.0011,-0.015797,-1.8034,0.060668,0.99976,-0.018453,0.009834,0.0062714,-0.37546,0.1834,-9.7949e-20
1.9863,0.1402,2.0017,-0.017563,-1.8062,0.055667,0.9998,-0.01658,0.0089029,0.0062729,-0.37633,0.18436,-9.0073e-20
1.9861,0.12213,2.0022,-0.019153,-1.8087,0.050682,0.99984,-0.014702,0.007967,0.0062743,-0.3773,0.18536,-8.7982e-20
1.9859,0.10403,2.0027,-0.020566,-1.8108,0.045711,0.99987,-0.01282,0.0070266,0.0062757,-0.37781,0.18615,-9.7291e-20
1.9857,0.085912,2.0031,-0.021801,-1.8126,0.040755,0.9999,-0.010936,0.0060819,0.006277,-0.3784,0.18698,-9.5621e-20
1.9854,0.067779,2.0035,-0.022857,-1.814,0.035812,0.99993,-0.009048,0.0051331,0.0062783,-0.37891,0.18776,-1.0164e-19
1.9852,0.049634,2.0038,-0.023735,-1.8151,0.03088,0.99995,-0.0071582,0.0041805,0.0062795,-0.37931,0.18849,-1.0001e-19
1.985,0.031479,2.0041,-0.024432,-1.8158,0.025958,0.99996,-0.0052665,0.0032244,0.0062806,-0.37977,0.18921,-9.3181e-20
1.9847,0.013319,2.0043,-0.024949,-1.8161,0.021045,0.99997,-0.0033734,0.002265,0.0062818,-0.37986,0.1898,-1.0279e-19
1.9845,-0.0048426,2.0045,-0.025284,-1.8162,0.01614,0.99998,-0.0014793,0.0013025,0.0062828,-0.38001,0.19038,-1.0571e-19
1.9842,-0.023003,2.0047,-0.025437,-1.8158,0.011241,0.99998,0.00041515,0.00033718,0.0062839,-0.37984,0.19085,-1.0306e-19
1.984,-0.041158,2.0048,-0.025408,-1.8151,0.0063479,0.99998,0.0023096,-0.00063063,0.0062849,-0.37997,0.19139,-8.8104e-20
1.9837,-0.059304,2.0048,-0.025196,-1.8141,0.0014585,0.99997,0.0042035,-0.0016007,0.0062859,-0.37999,0.19186,-8.8078e-20
1.9835,-0.077438,2.0048,-0.024801,-1.8127,-0.0034283,0.99996,0.0060965,-0.0025728,0.0062869,-0.37972,0.19222,-9.1044e-20
1.9832,-0.095556,2.0047,-0.024222,-1.8109,-0.0083139,0.99994,0.0079882,-0.0035466,0.0062879,-0.37937,0.19254,-8.6593e-20
1.983,-0.11366,2.0046,-0.02346,-1.8088,-0.013199,0.99992,0.0098779,-0.0045219,0.0062888,-0.37895,0.19281,-7.9563e-20
1.9827,-0.13173,2.0045,-0.022513,-1.8064,-0.018087,0.9999,0.011765,-0.0054983,0.0062898,-0.37885,0.19309,-8.7495e-20
1.9825,-0.14978,2.0043,-0.021381,-1.8036,-0.022977,0.99987,0.01365,-0.0064757,0.0062907,-0.37801,0.19321,-8.4947e-20
1.9823,-0.1678,2.004,-0.020065,-1.8005,-0.027871,0.99983,0.015531,-0.0074536,0.0062917,-0.37752,0.19332,-8.5189e-20
1.9821,-0.18579,2.0037,-0.018565,-1.797,-0.032771,0.99979,0.017409,-0.0084319,0.0062926,-0.37638,0.19335,-7.854e-20
1.9819,-0.20374,2.0033,-0.01688,-1.7931,-0.037679,0.99975,0.019282,-0.0094103,0.0062936,-0.37554,0.19335,-6.825e-20
1.9818,-0.22165,2.0029,-0.015009,-1.7889,-0.042595,0.9997,0.021151,-0.010388,0.0062946,-0.3746,0.19328,-6.7351e-20
1.9816,-0.23952,2.0025,-0.012955,-1.7844,-0.047522,0.99965,0.023015,-0.011366,0.0062956,-0.37355,0.19317,-7.6539e-20
1.9815,-0.25734,2.002,-0.010716,-1.7795,-0.052461,0.99959,0.024873,-0.012343,0.0062966,-0.37243,0.19299,-8.606e-20
1.9814,-0.27511,2.0014,-0.008292,-1.7743,-0.057414,0.99953,0.026725,-0.013318,0.0062976,-0.37118,0.19278,-8.4123e-20
1.9814,-0.29282,2.0008,-0.0056844,-1.7688,-0.062382,0.99947,0.028571,-0.014293,0.0062986,-0.36988,0.1925,-8.2934e-20
1.9813,-0.31048,2.0002,-0.002893,-1.7629,-0.067367,0.9994,0.03041,-0.015265,0.0062997,-0.36848,0.19217,-7.7345e-20
1.9813,-0.32808,1.9995,8.1797e-05,-1.7566,-0.07237,0.99933,0.032242,-0.016236,0.0063008,-0.367,0.19183,-8.0008e-20
1.9813,-0.34561,1.9987,0.0032396,-1.7501,-0.077395,0.99925,0.034066,-0.017204,0.0063019,-0.36546,0.1914,-8.313e-20
1.9814,-0.36308,1.998,0.0065799,-1.7432,-0.082441,0.99917,0.035882,-0.01817,0.0063031,-0.36384,0.19082,-9.0589e-20
1.9815,-0.38048,1.9971,0.010102,-1.7359,-0.087511,0.99909,0.037689,-0.019132,0.0063043,-0.36205,0.19003,-1.0064e-19
1.9816,-0.3978,1.9962,0.013806,-1.7283,-0.092607,0.999,0.039487,-0.020092,0.0063055,-0.36025,0.18941,-1.0229e-19
1.9817,-0.41504,1.9952,0.01769,-1.7204,-0.09773,0.99891,0.041276,-0.021048,0.0063067,-0.35837,0.18873,-9.8292e-20
1.9819,-0.43221,1.9942,0.021754,-1.7122,-0.10288,0.99881,0.043055,-0.022,0.0063079,-0.35639,0.18797,-1.0195e-19
1.9822,-0.44929,1.9932,0.025997,-1.7037,-0.10807,0.99871,0.044824,-0.022948,0.0063092,-0.35438,0.18719,-1.0791e-19
1.9824,-0.46628,1.9921,0.030419,-1.6948,-0.11328,0.99861,0.046582,-0.023891,0.0063105,-0.35231,0.18636,-1.1192e-19
1.9828,-0.48318,1.9909,0.035017,-1.6856,-0.11853,0.9985,0.048329,-0.02483,0.0063118,-0.35014,0.18545,-1.033e-19
1.9831,-0.49999,1.9897,0.039793,-1.6761,-0.12382,0.99839,0.050065,-0.025763,0.0063132,-0.34777,0.18437,-1.0224e-19
1.9836,-0.5167,1.9884,0.044743,-1.6662,-0.12914,0.99828,0.051789,-0.026692,0.0063145,-0.34527,0.1832,-8.961e-20
1.984,-0.53331,1.9871,0.049867,-1.6561,-0.1345,0.99817,0.053501,-0.027614,0.0063159,-0.34287,0.18211,-9.2493e-20
1.9846,-0.54982,1.9858,0.055165,-1.6456,-0.13991,0.99805,0.0552,-0.028531,0.0063173,-0.34033,0.18091,-9.5257e-20
1.9851,-0.56622,1.9843,0.060634,-1.6348,-0.14535,0.99793,0.056886,-0.029441,0.0063187,-0.33776,0.17968,-9.6549e-20
1.9858,-0.58252,1.9829,0.066273,-1.6238,-0.15084,0.9978,0.058558,-0.030345,0.00632,-0.33509,0.17836,-8.7933e-20
1.9865,-0.5987,1.9813,0.072082,-1.6124,-0.15638,0.99768,0.060218,-0.031242,0.0063214,-0.33236,0.177,-7.6807e-20
1.9872,-0.61476,1.9797,0.078058,-1.6007,-0.16196,0.99755,0.061863,-0.032132,0.0063228,-0.32954,0.17556,-7.9031e-20
1.988,-0.63071,1.9781,0.0842,-1.5887,-0.16759,0.99742,0.063493,-0.033014,0.0063241,-0.32663,0.17406,-8.3787e-20
1.9889,-0.64654,1.9764,0.090507,-1.5765,-0.17327,0.99728,0.065109,-0.033888,0.0063255,-0.32371,0.17252,-7.8328e-20
1.9898,-0.66224,1.9746,0.096977,-1.5639,-0.179,0.99715,0.06671,-0.034754,0.0063268,-0.32081,0.17097,-7.5099e-20
1.9909,-0.67781,1.9728,0.10361,-1.551,-0.18478,0.99701,0.068295,-0.035612,0.006328,-0.31781,0.16935,-8.2785e-20
1.9919,-0.69326,1.9709,0.1104,-1.5379,-0.19061,0.99687,0.069864,-0.036461,0.0063292,-0.31462,0.1676,-7.7859e-20
1.9931,-0.70857,1.969,0.11735,-1.5245,-0.1965,0.99673,0.071418,-0.037301,0.0063304,-0.31106,0.16563,-7.9204e-20
1.9943,-0.72375,1.967,0.12445,-1.5108,-0.20244,0.99659,0.072955,-0.038132,0.0063315,-0.30781,0.1638,-7.6119e-20
1.9955,-0.73878,1.9649,0.13171,-1.4968,-0.20844,0.99644,0.074475,-0.038953,0.0063325,-0.30453,0.16193,-7.6373e-20
1.9969,-0.75368,1.9628,0.13912,-1.4826,-0.21449,0.9963,0.075978,-0.039764,0.0063335,-0.30106,0.15994,-7.3475e-20
1.9983,-0.76843,1.9606,0.14668,-1.468,-0.2206,0.99615,0.077464,-0.040565,0.0063343,-0.29759,0.15792,-7.9366e-20
1.9998,-0.78304,1.9584,0.15439,-1.4533,-0.22677,0.996,0.078932,-0.041356,0.0063351,-0.29409,0.15585,-8.0275e-20
2.0014,-0.7975,1.9561,0.16224,-1.4382,-0.233,0.99585,0.080382,-0.042136,0.0063357,-0.29045,0.1537,-7.6663e-20
2.0031,-0.8118,1.9537,0.17024,-1.4229,-0.23929,0.9957,0.081814,-0.042904,0.0063362,-0.28688,0.15155,-7.6635e-20
2.0048,-0.82596,1.9513,0.17838,-1.4074,-0.24563,0.99555,0.083228,-0.043662,0.0063366,-0.28327,0.14935,-7.7738e-20
2.0066,-0.83995,1.9488,0.18666,-1.3916,-0.25204,0.9954,0.084622,-0.044408,0.0063368,-0.27942,0.147,-7.2278e-20
2.0086,-0.85379,1.9463,0.19508,-1.3755,-0.25851,0.99525,0.085998,-0.045142,0.0063369,-0.27539,0.14455,-8.4738e-20
2.0106,-0.86746,1.9437,0.20363,-1.3592,-0.26503,0.9951,0.087354,-0.045864,0.0063368,-0.27141,0.14209,-8.4058e-20
2.0126,-0.88097,1.941,0.21231,-1.3427,-0.27162,0.99495,0.088691,-0.046573,0.0063366,-0.2675,0.13963,-8.3688e-20
2.0148,-0.89431,1.9382,0.22113,-1.3259,-0.27827,0.9948,0.090007,-0.04727,0.0063361,-0.26352,0.13712,-8.2078e-20
2.0171,-0.90749,1.9354,0.23007,-1.3089,-0.28498,0.99465,0.091304,-0.047954,0.0063354,-0.25954,0.13458,-8.3463e-20
2.0194,-0.92049,1.9325,0.23913,-1.2917,-0.29175,0.9945,0.09258,-0.048625,0.0063345,-0.25546,0.13197,-7.7093e-20
2.0218,-0.93332,1.9296,0.24832,-1.2742,-0.29858,0.99435,0.093835,-0.049282,0.0063334,-0.25127,0.12927,-7.9633e-20
2.0244,-0.94597,1.9266,0.25763,-1.2565,-0.30548,0.9942,0.095069,-0.049926,0.006332,-0.24713,0.12657,-8.6118e-20
2.027,-0.95845,1.9235,0.26705,-1.2386,-0.31243,0.99405,0.096283,-0.050556,0.0063303,-0.24299,0.12385,-8.5736e-20
2.0297,-0.97074,1.9203,0.27659,-1.2205,-0.31944,0.9939,0.097475,-0.051171,0.0063284,-0.23866,0.12101,-8.3254e-20
2.0325,-0.98286,1.9171,0.28624,-1.2022,-0.32652,0.99375,0.098645,-0.051772,0.0063261,-0.23404,0.11801,-8.0536e-20
2.0354,-0.99479,1.9138,0.296,-1.1837,-0.33365,0.99361,0.099793,-0.052359,0.0063236,-0.22966,0.11509,-8.2835e-20
2.0384,-1.0065,1.9104,0.30586,-1.1649,-0.34084,0.99347,0.10092,-0.052931,0.0063207,-0.22523,0.11213,-7.9453e-20
2.0416,-1.0181,1.907,0.31583,-1.146,-0.3481,0.99332,0.10202,-0.053487,0.0063175,-0.22066,0.10908,-8.1654e-20
2.0448,-1.0295,1.9034,0.3259,-1.1269,-0.35541,0.99318,0.1031,-0.054028,0.006314,-0.21618,0.10605,-8.4202e-20
2.0481,-1.0406,1.8999,0.33606,-1.1076,-0.36278,0.99304,0.10416,-0.054554,0.0063101,-0.21156,0.10293,-8.2484e-20
2.0515,-1.0516,1.8962,0.34632,-1.0881,-0.3702,0.99291,0.1052,-0.055064,0.0063058,-0.20704,0.099833,-8.6504e-20
2.055,-1.0624,1.8924,0.35666,-1.0685,-0.37769,0.99277,0.10621,-0.055557,0.0063011,-0.20223,0.096578,-8.8818e-20
2.0586,-1.073,1.8886,0.3671,-1.0487,-0.38523,0.99264,0.1072,-0.056035,0.006296,-0.19745,0.093316,-8.7928e-20
2.0623,-1.0834,1.8847,0.37762,-1.0287,-0.39283,0.99251,0.10817,-0.056496,0.0062905,-0.19271,0.090057,-8.8067e-20
2.0662,-1.0935,1.8808,0.38822,-1.0085,-0.40048,0.99238,0.10911,-0.056941,0.0062845,-0.18791,0.086745,-9.3089e-20
2.0701,-1.1035,1.8767,0.3989,-0.98815,-0.40819,0.99225,0.11002,-0.057369,0.0062781,-0.18304,0.083383,-9.2236e-20
2.0741,-1.1133,1.8726,0.40965,-0.96766,-0.41595,0.99213,0.11092,-0.057779,0.0062713,-0.17818,0.080005,-9.1409e-20
2.0783,-1.1229,1.8684,0.42048,-0.94702,-0.42376,0.99201,0.11179,-0.058173,0.0062639,-0.17329,0.076598,-9.163e-20
2.0826,-1.1322,1.8641,0.43137,-0.92623,-0.43163,0.99189,0.11263,-0.058549,0.0062561,-0.16833,0.07314,-8.9475e-20
2.0869,-1.1414,1.8598,0.44233,-0.9053,-0.43955,0.99178,0.11345,-0.058908,0.0062478,-0.1631,0.069542,-8.8108e-20
2.0914,-1.1504,1.8553,0.45335,-0.88423,-0.44752,0.99166,0.11424,-0.059249,0.0062389,-0.15805,0.066008,-9.0541e-20
2.096,-1.1591,1.8508,0.46443,-0.86303,-0.45553,0.99156,0.11501,-0.059573,0.0062295,-0.15293,0.062434,-9.0459e-20
2.1007,-1.1676,1.8462,0.47556,-0.84169,-0.4636,0.99145,0.11576,-0.059878,0.0062196,-0.14776,0.058815,-9.0495e-20
2.1055,-1.1759,1.8416,0.48675,-0.82023,-0.47172,0.99135,0.11647,-0.060165,0.0062091,-0.14262,0.055201,-9.0101e-20
2.1104,-1.184,1.8368,0.49798,-0.79865,-0.47988,0.99125,0.11717,-0.060434,0.0061981,-0.13742,0.051552,-9.0892e-20
2.1155,-1.1919,1.832,0.50926,-0.77696,-0.48809,0.99116,0.11783,-0.060684,0.0061865,-0.13211,0.047835,-8.9844e-20
2.1206,-1.1996,1.827,0.52058,-0.75515,-0.49634,0.99107,0.11847,-0.060916,0.0061743,-0.12678,0.044101,-8.9802e-20
2.1259,-1.207,1.822,0.53193,-0.73324,-0.50464,0.99098,0.11909,-0.061129,0.0061615,-0.12144,0.040353,-9.062e-20
2.1313,-1.2142,1.8169,0.54332,-0.71123,-0.51298,0.9909,0.11967,-0.061324,0.0061481,-0.11609,0.036589,-9.0065e-20
2.1367,-1.2212,1.8118,0.55474,-0.68912,-0.52136,0.99082,0.12024,-0.061499,0.0061341,-0.11069,0.032799,-9.0131e-20
2.1423,-1.228,1.8065,0.56618,-0.66692,-0.52979,0.99075,0.12077,-0.061655,0.0061195,-0.10524,0.028977,-9.0387e-20
2.1481,-1.2346,1.8012,0.57765,-0.64463,-0.53825,0.99067,0.12128,-0.061792,0.0061042,-0.099725,0.025121,-9.0237e-20
2.1539,-1.2409,1.7958,0.58914,-0.62226,-0.54675,0.99061,0.12176,-0.06191,0.0060883,-0.094195,0.021254,-9.0431e-20
2.1598,-1.247,1.7902,0.60064,-0.59982,-0.55528,0.99055,0.12221,-0.062009,0.0060718,-0.088665,0.017382,-9.0444e-20
2.1659,-1.2529,1.7846,0.61215,-0.5773,-0.56386,0.99049,0.12263,-0.062088,0.0060546,-0.08307,0.013478,-9.0602e-20
2.1721,-1.2586,1.779,0.62368,-0.55471,-0.57246,0.99044,0.12303,-0.062147,0.0060367,-0.077447,0.0095605,-9.0744e-20
2.1784,-1.264,1.7732,0.6352,-0.53207,-0.5811,0.99039,0.1234,-0.062187,0.0060182,-0.071799,0.0056302,-9.0706e-20
2.1848,-1.2692,1.7673,0.64673,-0.50936,-0.58977,0.99034,0.12374,-0.062207,0.005999,-0.066112,0.0016828,-9.0706e-20
2.1913,-1.2742,1.7614,0.65826,-0.48661,-0.59847,0.99031,0.12405,-0.062208,0.0059791,-0.060394,-0.0022774,-9.0683e-20
2.198,-1.2789,1.7554,0.66978,-0.4638,-0.60719,0.99027,0.12434,-0.062188,0.0059586,-0.054641,-0.0062508,-9.0665e-20
2.2047,-1.2834,1.7493,0.68129,-0.44096,-0.61595,0.99024,0.1246,-0.062149,0.0059374,-0.048868,-0.01023,-9.0619e-20
2.2116,-1.2877,1.7431,0.69278,-0.41808,-0.62472,0.99022,0.12482,-0.06209,0.0059155,-0.043041,-0.014229,-9.0654e-20
2.2186,-1.2918,1.7368,0.70426,-0.39516,-0.63352,0.9902,0.12502,-0.062011,0.0058929,-0.037198,-0.018231,-9.0657e-20
2.2257,-1.2956,1.7304,0.71571,-0.37222,-0.64234,0.99018,0.12519,-0.061911,0.0058696,-0.03134,-0.022234,-9.0478e-20
2.2329,-1.2993,1.7239,0.72714,-0.34925,-0.65118,0.99017,0.12533,-0.061792,0.0058457,-0.025434,-0.026251,-9.0577e-20
2.2402,-1.3026,1.7174,0.73855,-0.32627,-0.66003,0.99017,0.12545,-0.061653,0.005821,-0.019502,-0.030271,-9.0463e-20
2.2477,-1.3058,1.7107,0.74992,-0.30328,-0.66891,0.99017,0.12553,-0.061494,0.0057957,-0.013545,-0.034293,-9.0417e-20
2.2552,-1.3087,1.704,0.76125,-0.28028,-0.67779,0.99017,0.12558,-0.061314,0.0057696,-0.0075616,-0.038318,-9.0401e-20
2.2629,-1.3114,1.6972,0.77254,-0.25728,-0.68668,0.99018,0.12561,-0.061115,0.0057429,-0.001545,-0.042346,-9.0377e-20
2.2707,-1.3138,1.6902,0.7838,-0.23428,-0.69558,0.99019,0.1256,-0.060895,0.0057155,0.0044959,-0.046373,-9.0372e-20
2.2786,-1.3161,1.6832,0.795,-0.21129,-0.70449,0.99021,0.12556,-0.060655,0.0056874,0.010566,-0.050401,-9.0315e-20
2.2866,-1.3181,1.6762,0.80615,-0.18832,-0.71341,0.99024,0.1255,-0.060395,0.0056586,0.016653,-0.054423,-9.0206e-20
2.2947,-1.3198,1.669,0.81725,-0.16536,-0.72232,0.99027,0.1254,-0.060115,0.0056292,0.022782,-0.058449,-9.0148e-20
2.3029,-1.3214,1.6617,0.82829,-0.14242,-0.73123,0.9903,0.12528,-0.059815,0.005599,0.028916,-0.062462,-9.0123e-20
2.3112,-1.3227,1.6544,0.83927,-0.11952,-0.74014,0.99034,0.12512,-0.059495,0.0055682,0.03509,-0.066477,-9.0329e-20
2.3197,-1.3238,1.6469,0.85019,-0.096648,-0.74905,0.99038,0.12493,-0.059155,0.0055367,0.041284,-0.070483,-9.0502e-20
2.3282,-1.3246,1.6394,0.86103,-0.073816,-0.75795,0.99043,0.12471,-0.058795,0.0055046,0.047494,-0.07448,-8.9758e-20
2.3369,-1.3252,1.6318,0.87181,-0.051028,-0.76683,0.99049,0.12447,-0.058415,0.0054718,0.053716,-0.078464,-8.9649e-20
2.3457,-1.3256,1.624,0.88251,-0.028289,-0.7757,0.99055,0.12419,-0.058015,0.0054383,0.059966,-0.082441,-8.9801e-20
2.3546,-1.3258,1.6162,0.89312,-0.0056052,-0.78456,0.99061,0.12388,-0.057595,0.0054042,0.066263,-0.086416,-9.0863e-20
2.3635,-1.3258,1.6083,0.90366,0.017019,-0.7934,0.99068,0.12353,-0.057155,0.0053694,0.072566,-0.090375,-8.8967e-20
2.3726,-1.3255,1.6004,0.91411,0.039578,-0.80221,0.99075,0.12316,-0.056696,0.005334,0.078886,-0.09432,-8.8531e-20
2.3818,-1.325,1.5923,0.92447,0.062067,-0.811,0.99083,0.12276,-0.056217,0.005298,0.085225,-0.098251,-8.8934e-20
2.3911,-1.3242,1.5841,0.93474,0.084479,-0.81977,0.99091,0.12232,-0.055718,0.0052613,0.091542,-0.10215,-8.749e-20
2.4005,-1.3233,1.5759,0.94491,0.10681,-0.8285,0.991,0.12186,-0.0552,0.005224,0.097879,-0.10604,-8.5895e-20
2.41,-1.3221,1.5676,0.95498,0.12905,-0.8372,0.99109,0.12136,-0.054662,0.0051861,0.10422,-0.10991,-8.6727e-20
2.4196,-1.3207,1.5592,0.96494,0.15121,-0.84586,0.99118,0.12083,-0.054105,0.0051476,0.1106,-0.11377,-8.7597e-20
2.4293,-1.3191,1.5507,0.9748,0.17326,-0.85448,0.99128,0.12027,-0.053528,0.0051085,0.11707,-0.11764,-8.678e-20
2.4391,-1.3172,1.5421,0.98455,0.19521,-0.86307,0.99139,0.11967,-0.052933,0.0050688,0.12346,-0.12145,-8.8207e-20
2.449,-1.3152,1.5334,0.99419,0.21705,-0.8716,0.9915,0.11905,-0.052318,0.0050285,0.12985,-0.12525,-8.8544e-20
2.459,-1.3129,1.5246,1.0037,0.23878,-0.88009,0.99161,0.11839,-0.051684,0.0049876,0.13624,-0.12902,-8.6403e-20
2.4691,-1.3104,1.5158,1.0131,0.26039,-0.88852,0.99172,0.1177,-0.051032,0.0049462,0.1426,-0.13276,-8.5075e-20
2.4793,-1.3077,1.5069,1.0224,0.28187,-0.89691,0.99184,0.11698,-0.05036,0.0049042,0.14907,-0.1365,-8.59e-20
2.4895,-1.3048,1.4979,1.0315,0.30322,-0.90523,0.99197,0.11623,-0.04967,0.0048616,0.15552,-0.14021,-8.6016e-20
2.4999,-1.3016,1.4888,1.0405,0.32444,-0.91349,0.99209,0.11545,-0.048962,0.0048185,0.1619,-0.14387,-8.8838e-20
2.5103,-1.2983,1.4796,1.0494,0.34551,-0.92169,0.99222,0.11463,-0.048235,0.0047748,0.16829,-0.14751,-9.2858e-20
2.5209,-1.2947,1.4703,1.0582,0.36643,-0.92982,0.99236,0.11378,-0.04749,0.0047305,0.17464,-0.15112,-9.1533e-20
2.5315,-1.2909,1.461,1.0668,0.38721,-0.93788,0.9925,0.11291,-0.046727,0.0046858,0.18101,-0.1547,-9.1955e-20
2.5422,-1.287,1.4516,1.0752,0.40782,-0.94586,0.99264,0.11199,-0.045946,0.0046405,0.18748,-0.15827,-9.2196e-20
2.553,-1.2828,1.4421,1.0836,0.42827,-0.95377,0.99278,0.11105,-0.045147,0.0045947,0.19387,-0.1618,-9.2468e-20
2.5639,-1.2784,1.4325,1.0917,0.44855,-0.9616,0.99292,0.11008,-0.044331,0.0045483,0.20023,-0.16528,-9.3177e-20
2.5748,-1.2738,1.4228,1.0998,0.46866,-0.96934,0.99307,0.10907,-0.043497,0.0045015,0.20656,-0.16873,-1.0311e-19
2.5859,-1.269,1.4131,1.1076,0.48859,-0.977,0.99322,0.10803,-0.042646,0.0044542,0.21282,-0.17213,-1.0501e-19
2.597,-1.264,1.4033,1.1153,0.50833,-0.98457,0.99337,0.10696,-0.041778,0.0044063,0.21893,-0.17547,-9.6578e-20
2.6082,-1.2589,1.3934,1.1229,0.52788,-0.99204,0.99353,0.10586,-0.040893,0.004358,0.2255,-0.17887,-9.423e-20
2.6195,-1.2535,1.3835,1.1302,0.54723,-0.99942,0.99369,0.10473,-0.039991,0.0043091,0.23177,-0.18217,-9.8661e-20
2.6308,-1.2479,1.3734,1.1374,0.56638,-1.0067,0.99385,0.10357,-0.039073,0.0042598,0.23789,-0.1854,-9.6831e-20
2.6422,-1.2422,1.3633,1.1445,0.58532,-1.0139,0.99401,0.10238,-0.038139,0.0042101,0.24402,-0.18861,-9.3464e-20
2.6537,-1.2362,1.3532,1.1513,0.60405,-1.021,0.99417,0.10115,-0.037188,0.0041598,0.25009,-0.19176,-9.7875e-20
2.6652,-1.2301,1.3429,1.158,0.62256,-1.0279,0.99433,0.099898,-0.036222,0.0041091,0.25621,-0.19489,-9.8624e-20
2.6768,-1.2238,1.3326,1.1645,0.64084,-1.0348,0.99449,0.098613,-0.03524,0.0040579,0.26221,-0.19795,-9.9608e-20
2.6885,-1.2173,1.3222,1.1709,0.6589,-1.0415,0.99466,0.097298,-0.034242,0.0040063,0.26807,-0.20097,-1.049e-19
2.7003,-1.2106,1.3118,1.177,0.67672,-1.0481,0.99482,0.095953,-0.03323,0.0039542,0.27393,-0.20393,-9.84e-20
2.7121,-1.2037,1.3013,1.183,0.6943,-1.0546,0.99499,0.094578,-0.032203,0.0039017,0.27994,-0.20687,-1.0542e-19
2.7239,-1.1967,1.2907,1.1887,0.71164,-1.061,0.99515,0.093174,-0.031161,0.0038488,0.28603,-0.20976,-1.1217e-19
2.7358,-1.1895,1.28,1.1943,0.72872,-1.0672,0.99532,0.09174,-0.030104,0.0037954,0.29183,-0.21257,-9.901e-20
2.7478,-1.1821,1.2693,1.1997,0.74555,-1.0734,0.99549,0.090278,-0.029034,0.0037416,0.29751,-0.21533,-1.06e-19
2.7598,-1.1746,1.2586,1.2048,0.76212,-1.0793,0.99565,0.088787,-0.02795,0.0036874,0.30313,-0.21803,-1.069e-19
2.7719,-1.1669,1.2477,1.2098,0.77842,-1.0852,0.99582,0.087268,-0.026852,0.0036327,0.30859,-0.22068,-1.1652e-19
2.784,-1.159,1.2369,1.2146,0.79445,-1.0909,0.99598,0.085721,-0.025741,0.0035777,0.31421,-0.22326,-1.081e-19
2.7962,-1.151,1.2259,1.2191,0.8102,-1.0965,0.99614,0.084147,-0.024617,0.0035222,0.31964,-0.22579,-1.0878e-19
2.8084,-1.1428,1.2149,1.2235,0.82566,-1.1019,0.9963,0.082545,-0.023481,0.0034664,0.32493,-0.22825,-1.173e-19
2.8207,-1.1345,1.2039,1.2276,0.84084,-1.1071,0.99646,0.080917,-0.022332,0.0034101,0.33005,-0.23066,-1.1681e-19
2.833,-1.126,1.1928,1.2315,0.85573,-1.1123,0.99662,0.079263,-0.021171,0.0033535,0.3354,-0.23298,-1.101e-19
2.8453,-1.1174,1.1816,1.2352,0.87032,-1.1172,0.99678,0.077582,-0.019999,0.0032965,0.34047,-0.23524,-9.879e-20
2.8577,-1.1086,1.1705,1.2387,0.88461,-1.122,0.99693,0.075876,-0.018815,0.0032391,0.34544,-0.23744,-1.0883e-19
2.8701,-1.0997,1.1592,1.242,0.89859,-1.1267,0.99709,0.074146,-0.017621,0.0031814,0.35035,-0.23956,-1.1031e-19
2.8825,-1.0906,1.1479,1.245,0.91225,-1.1312,0.99724,0.07239,-0.016416,0.0031232,0.35509,-0.24161,-1.0358e-19
2.895,-1.0814,1.1366,1.2479,0.9256,-1.1355,0.99738,0.070611,-0.015201,0.0030648,0.35979,-0.24358,-9.7417e-20
2.9075,-1.0721,1.1252,1.2504,0.93863,-1.1397,0.99753,0.068809,-0.013976,0.003006,0.36435,-0.24548,-1.1833e-19
2.92,-1.0627,1.1138,1.2528,0.95133,-1.1437,0.99767,0.066984,-0.012741,0.0029468,0.36876,-0.24731,-1.1862e-19
2.9325,-1.0531,1.1023,1.2549,0.9637,-1.1475,0.99781,0.065137,-0.011498,0.0028873,0.37315,-0.24902,-1.0708e-19
2.9451,-1.0434,1.0908,1.2568,0.97573,-1.1511,0.99794,0.063268,-0.010246,0.0028275,0.37732,-0.25069,-1.0059e-19
2.9576,-1.0336,1.0793,1.2584,0.98742,-1.1546,0.99807,0.061378,-0.008986,0.0027674,0.38135,-0.25227,-9.3157e-20
2.9702,-1.0236,1.0678,1.2599,0.99876,-1.1578,0.9982,0.059468,-0.0077182,0.002707,0.38529,-0.25375,-9.5477e-20
2.9828,-1.0136,1.0562,1.261,1.0098,-1.1609,0.99832,0.057539,-0.0064431,0.0026463,0.38905,-0.25516,-1.0489e-19
2.9955,-1.0034,1.0445,1.2619,1.0204,-1.1638,0.99844,0.05559,-0.0051612,0.0025853,0.39259,-0.25653,-1.1114e-19
3.0081,-0.99319,1.0329,1.2626,1.0307,-1.1665,0.99855,0.053624,-0.003873,0.002524,0.39601,-0.2578,-1.1475e-19
3.0207,-0.98283,1.0212,1.2631,1.0406,-1.1691,0.99866,0.05164,-0.0025789,0.0024625,0.39948,-0.25883,-1.0084e-19
3.0333,-0.97238,1.0095,1.2632,1.0502,-1.1714,0.99876,0.04964,-0.0012794,0.0024007,0.40286,-0.25971,-1.0664e-19
3.046,-0.96183,0.99778,1.2632,1.0593,-1.1735,0.99886,0.047623,2.5008e-05,0.0023387,0.40587,-0.26064,-1.061e-19
3.0586,-0.95119,0.98603,1.2628,1.0682,-1.1755,0.99896,0.045592,0.0013337,0.0022765,0.40868,-0.2615,-1.032e-19
3.0712,-0.94047,0.97427,1.2623,1.0766,-1.1772,0.99905,0.043547,0.0026463,0.002214,0.4113,-0.26227,-1.1136e-19
3.0838,-0.92966,0.96249,1.2614,1.0846,-1.1788,0.99913,0.041488,0.0039621,0.0021514,0.4138,-0.2629,-1.0382e-19
3.0965,-0.91878,0.95069,1.2603,1.0923,-1.1801,0.99921,0.039418,0.0052808,0.0020886,0.4162,-0.26332,-8.7943e-20
3.109,-0.90782,0.93889,1.259,1.0996,-1.1812,0.99928,0.037335,0.0066016,0.0020256,0.41837,-0.26368,-6.5574e-20
3.1216,-0.89679,0.92707,1.2574,1.1065,-1.1821,0.99935,0.035243,0.007924,0.0019625,0.42031,-0.26398,-5.9876e-20
3.1342,-0.88569,0.91525,1.2555,1.1129,-1.1828,0.99941,0.03314,0.0092475,0.0018993,0.42204,-0.2642,-4.1647e-20
3.1467,-0.87453,0.90341,1.2534,1.119,-1.1833,0.99946,0.03103,0.010571,0.001836,0.42359,-0.26428,-4.3148e-20
3.1593,-0.86331,0.89158,1.251,1.1247,-1.1836,0.99951,0.028911,0.011895,0.0017726,0.42501,-0.2641,-3.6042e-20
3.1718,-0.85204,0.87974,1.2484,1.13,-1.1836,0.99955,0.026787,0.013218,0.0017091,0.42619,-0.26383,-4.4756e-20
3.1842,-0.84071,0.86791,1.2454,1.1349,-1.1835,0.99959,0.024656,0.01454,0.0016455,0.42714,-0.26351,-7.422e-20
3.1967,-0.82934,0.85607,1.2423,1.1393,-1.1831,0.99962,0.022522,0.015859,0.001582,0.42787,-0.26308,-1.1092e-19
3.2091,-0.81793,0.84425,1.2388,1.1434,-1.1825,0.99964,0.020384,0.017176,0.0015184,0.42838,-0.26259,-1.3483e-19
3.2214,-0.80647,0.83243,1.2351,1.147,-1.1817,0.99966,0.018244,0.01849,0.0014549,0.4287,-0.26182,-1.0817e-19
3.2338,-0.79499,0.82061,1.2311,1.1503,-1.1806,0.99967,0.016102,0.019799,0.0013914,0.42878,-0.26093,-1.3545e-19
3.2461,-0.78347,0.80881,1.2269,1.1531,-1.1793,0.99968,0.013961,0.021104,0.001328,0.42864,-0.25994,-1.4923e-19
3.2583,-0.77193,0.79703,1.2223,1.1555,-1.1778,0.99968,0.011821,0.022403,0.0012647,0.42827,-0.25884,-1.5457e-19
3.2705,-0.76036,0.78526,1.2176,1.1574,-1.1761,0.99967,0.0096836,0.023696,0.0012015,0.42767,-0.25765,-1.4015e-19
3.2827,-0.74878,0.77351,1.2125,1.159,-1.1741,0.99966,0.0075495,0.024983,0.0011384,0.42683,-0.25617,-1.8117e-19
3.2948,-0.73718,0.76178,1.2072,1.1601,-1.1719,0.99964,0.0054201,0.026262,0.0010755,0.42575,-0.25461,-1.5374e-19
3.3068,-0.72558,0.75007,1.2016,1.1608,-1.1695,0.99961,0.0032967,0.027532,0.0010128,0.42444,-0.25294,-1.6988e-19
3.3188,-0.71397,0.73839,1.1957,1.1611,-1.1669,0.99958,0.0011803,0.028794,0.00095033,0.4229,-0.25116,-1.7767e-19
3.3307,-0.70236,0.72673,1.1896,1.1609,-1.164,0.99955,-0.00092761,0.030046,0.00088809,0.42111,-0.2492,-1.7704e-19
3.3426,-0.69075,0.71511,1.1832,1.1604,-1.1608,0.99951,-0.003026,0.031287,0.00082613,0.41907,-0.24706,-1.9027e-19
3.3544,-0.67915,0.70352,1.1766,1.1594,-1.1575,0.99946,-0.0051135,0.032518,0.00076447,0.41677,-0.24471,-1.9376e-19
3.3661,-0.66756,0.69196,1.1697,1.1579,-1.1539,0.9994,-0.007189,0.033736,0.00070313,0.41421,-0.2422,-1.5395e-19
3.3778,-0.65599,0.68044,1.1625,1.1561,-1.1501,0.99935,-0.0092512,0.034941,0.00064215,0.41143,-0.23961,-1.3791e-19
3.3894,-0.64444,0.66896,1.1551,1.1538,-1.146,0.99928,-0.011299,0.036133,0.00058155,0.40843,-0.23695,-1.417e-19
3.4009,-0.63292,0.65752,1.1474,1.1511,-1.1417,0.99921,-0.013331,0.037311,0.00052135,0.40516,-0.23405,-1.4078e-19
3.4123,-0.62142,0.64613,1.1395,1.148,-1.1372,0.99914,-0.015346,0.038474,0.00046159,0.40165,-0.23104,-1.4333e-19
3.4237,-0.60996,0.63478,1.1313,1.1445,-1.1324,0.99906,-0.017342,0.039621,0.00040229,0.39788,-0.22783,-1.3587e-19
3.4349,-0.59853,0.62348,1.1228,1.1405,-1.1274,0.99898,-0.019319,0.040751,0.00034347,0.39388,-0.2245,-1.346e-19
3.4461,-0.58715,0.61223,1.1141,1.1362,-1.1222,0.9989,-0.021275,0.041864,0.00028516,0.38961,-0.22099,-1.3587e-19
3.4572,-0.57581,0.60103,1.1051,1.1314,-1.1167,0.99881,-0.02321,0.042959,0.00022738,0.38509,-0.2173,-1.2945e-19
3.4682,-0.56452,0.5899,1.0959,1.1262,-1.111,0.99871,-0.025121,0.044035,0.00017017,0.38035,-0.21351,-1.3858e-19
3.4791,-0.55329,0.57882,1.0865,1.1206,-1.1051,0.99862,-0.027007,0.045091,0.00011354,0.37542,-0.20963,-1.4653e-19
3.49,-0.54211,0.56779,1.0768,1.1146,-1.0989,0.99852,-0.028868,0.046127,5.7514e-05,0.37024,-0.20558,-1.622e-19
3.5007,-0.531,0.55684,1.0669,1.1082,-1.0926,0.99842,-0.030702,0.047142,2.1162e-06,0.36469,-0.20118,-1.5776e-19
3.5113,-0.51995,0.54594,1.0568,1.1014,-1.0859,0.99831,-0.032509,0.048135,-5.2632e-05,0.35895,-0.19671,-1.6524e-19
3.5218,-0.50897,0.53512,1.0464,1.0942,-1.0791,0.9982,-0.034285,0.049105,-0.00010671,0.353,-0.19213,-1.7075e-19
3.5322,-0.49807,0.52436,1.0358,1.0867,-1.072,0.9981,-0.036032,0.050052,-0.0001601,0.34684,-0.18742,-1.7327e-19
3.5425,-0.48724,0.51368,1.025,1.0787,-1.0648,0.99799,-0.037747,0.050975,-0.00021277,0.34046,-0.18257,-1.6942e-19
3.5527,-0.47649,0.50307,1.0139,1.0704,-1.0572,0.99787,-0.03943,0.051873,-0.00026473,0.33388,-0.17761,-1.71e-19
3.5628,-0.46583,0.49253,1.0027,1.0617,-1.0495,0.99776,-0.041079,0.052746,-0.00031593,0.32701,-0.17241,-1.6924e-19
3.5728,-0.45526,0.48208,0.99124,1.0526,-1.0416,0.99765,-0.042693,0.053592,-0.00036638,0.31997,-0.16714,-1.6444e-19
3.5826,-0.44478,0.4717,0.97959,1.0432,-1.0334,0.99754,-0.044271,0.054412,-0.00041605,0.31275,-0.16176,-1.604e-19
3.5924,-0.4344,0.46141,0.96774,1.0334,-1.025,0.99742,-0.045813,0.055204,-0.00046494,0.3053,-0.15623,-1.6096e-19
3.602,-0.42412,0.4512,0.95569,1.0232,-1.0164,0.99731,-0.047316,0.055968,-0.00051302,0.29764,-0.15054,-1.5907e-19
3.6115,-0.41394,0.44108,0.94347,1.0128,-1.0077,0.9972,-0.048781,0.056703,-0.00056029,0.28976,-0.1447,-1.6313e-19
3.6208,-0.40386,0.43105,0.93106,1.002,-0.99866,0.99709,-0.050206,0.057409,-0.00060673,0.28173,-0.13879,-1.6752e-19
3.6301,-0.3939,0.42111,0.91848,0.99082,-0.98946,0.99698,-0.051591,0.058085,-0.00065234,0.27353,-0.13277,-1.6587e-19
3.6392,-0.38405,0.41126,0.90573,0.97937,-0.98006,0.99687,-0.052934,0.058731,-0.00069711,0.26514,-0.12662,-1.684e-19
3.6482,-0.37431,0.40151,0.89282,0.96761,-0.97046,0.99676,-0.054234,0.059345,-0.00074103,0.25657,-0.12036,-1.6815e-19
3.6571,-0.36469,0.39185,0.87976,0.95554,-0.96068,0.99666,-0.055492,0.059928,-0.0007841,0.24782,-0.11397,-1.6552e-19
3.6658,-0.3552,0.3823,0.86655,0.94319,-0.9507,0.99656,-0.056705,0.060479,-0.0008263,0.23895,-0.10752,-1.5839e-19
3.6744,-0.34583,0.37284,0.8532,0.93055,-0.94054,0.99646,-0.057873,0.060997,-0.00086764,0.22993,-0.10099,-1.5258e-19
3.6829,-0.33659,0.36349,0.83972,0.91764,-0.9302,0.99636,-0.058996,0.061483,-0.00090811,0.22075,-0.094333,-1.4785e-19
3.6912,-0.32748,0.35424,0.82611,0.90447,-0.91968,0.99627,-0.060073,0.061935,-0.00094771,0.21144,-0.087611,-1.4618e-19
3.6994,-0.3185,0.34509,0.81239,0.89104,-0.90899,0.99618,-0.061103,0.062353,-0.00098643,0.20202,-0.080834,-1.457e-19
3.7074,-0.30966,0.33606,0.79855,0.87737,-0.89812,0.9961,-0.062086,0.062738,-0.0010243,0.19243,-0.073918,-1.4658e-19
3.7154,-0.30096,0.32713,0.78461,0.86346,-0.8871,0.99602,-0.063021,0.063088,-0.0010613,0.18276,-0.066982,-1.4719e-19
3.7231,-0.29239,0.31832,0.77058,0.84933,-0.87592,0.99594,-0.063907,0.063403,-0.0010974,0.173,-0.059994,-1.4693e-19
3.7308,-0.28397,0.30961,0.75646,0.835,-0.86458,0.99587,-0.064744,0.063683,-0.0011326,0.16314,-0.052964,-1.4666e-19
3.7383,-0.27569,0.30103,0.74227,0.82046,-0.85309,0.9958,-0.065532,0.063928,-0.001167,0.15319,-0.045865,-1.4579e-19
3.7456,-0.26756,0.29255,0.728,0.80573,-0.84146,0.99574,-0.06627,0.064138,-0.0012005,0.14316,-0.038737,-1.4681e-19
3.7528,-0.25958,0.2842,0.71368,0.79082,-0.82969,0.99568,-0.066958,0.064312,-0.0012331,0.13306,-0.031575,-1.474e-19
3.7599,-0.25175,0.27596,0.6993,0.77575,-0.81778,0.99563,-0.067595,0.064451,-0.0012649,0.1229,-0.024392,-1.4841e-19
3.7668,-0.24406,0.26784,0.68488,0.76052,-0.80575,0.99558,-0.068182,0.064554,-0.0012958,0.11269,-0.017199,-1.4782e-19
3.7736,-0.23654,0.25984,0.67043,0.74515,-0.7936,0.99554,-0.068717,0.064621,-0.0013259,0.10243,-0.009981,-1.4792e-19
3.7802,-0.22916,0.25197,0.65595,0.72965,-0.78133,0.9955,-0.069202,0.064652,-0.0013552,0.092148,-0.0027696,-1.4789e-19
3.7867,-0.22194,0.24422,0.64145,0.71403,-0.76895,0.99547,-0.069635,0.064647,-0.0013836,0.081832,0.0044436,-1.479e-19
3.793,-0.21488,0.23659,0.62695,0.69831,-0.75647,0.99545,-0.070016,0.064606,-0.0014112,0.071506,0.011638,-1.4786e-19
3.7992,-0.20798,0.22909,0.61245,0.6825,-0.74389,0.99543,-0.070346,0.06453,-0.0014379,0.061168,0.01882,-1.4795e-19
3.8053,-0.20123,0.22171,0.59796,0.6666,-0.73122,0.99542,-0.070625,0.064418,-0.0014639,0.050824,0.025985,-1.4813e-19
3.8112,-0.19465,0.21447,0.58349,0.65064,-0.71847,0.99541,-0.070852,0.064271,-0.001489,0.040494,0.033112,-1.4796e-19
3.817,-0.18822,0.20734,0.56905,0.63462,-0.70563,0.99541,-0.071027,0.064088,-0.0015134,0.030186,0.040198,-1.4756e-19
3.8226,-0.18195,0.20035,0.55465,0.61857,-0.69273,0.99542,-0.071152,0.06387,-0.0015369,0.019913,0.047231,-1.4749e-19
3.8281,-0.17585,0.19349,0.54029,0.60248,-0.67977,0.99543,-0.071225,0.063618,-0.0015597,0.0096755,0.05421,-1.4742e-19
3.8334,-0.1699,0.18676,0.52599,0.58637,-0.66675,0.99544,-0.071247,0.063331,-0.0015817,-0.00052782,0.061143,-1.4739e-19
3.8386,-0.16412,0.18016,0.51176,0.57026,-0.65369,0.99547,-0.071219,0.063009,-0.0016029,-0.010671,0.068002,-1.4743e-19
3.8436,-0.1585,0.17368,0.4976,0.55417,-0.64058,0.9955,-0.07114,0.062654,-0.0016234,-0.020746,0.074782,-1.4746e-19
3.8485,-0.15304,0.16734,0.48352,0.53809,-0.62743,0.99553,-0.071011,0.062265,-0.0016431,-0.03075,0.081483,-1.4726e-19
3.8533,-0.14774,0.16114,0.46953,0.52204,-0.61427,0.99557,-0.070833,0.061843,-0.0016621,-0.040673,0.088097,-1.4801e-19
3.8579,-0.1426,0.15506,0.45564,0.50605,-0.60108,0.99561,-0.070605,0.061389,-0.0016804,-0.050551,0.094666,-1.4863e-19
3.8624,-0.13761,0.14911,0.44186,0.49011,-0.58788,0.99566,-0.070328,0.060902,-0.0016979,-0.060296,0.1011,-1.4898e-19
3.8668,-0.13279,0.1433,0.4282,0.47424,-0.57468,0.99572,-0.070003,0.060383,-0.0017148,-0.06994,0.10743,-1.4866e-19
3.871,-0.12813,0.13762,0.41466,0.45846,-0.56148,0.99578,-0.06963,0.059834,-0.0017309,-0.079483,0.11366,-1.5022e-19
3.8751,-0.12362,0.13207,0.40125,0.44277,-0.5483,0.99584,-0.06921,0.059253,-0.0017464,-0.088865,0.11973,-1.4781e-19
3.879,-0.11927,0.12665,0.38798,0.42719,-0.53513,0.99591,-0.068743,0.058643,-0.0017611,-0.098153,0.12572,-1.4654e-19
3.8828,-0.11508,0.12137,0.37486,0.41173,-0.52199,0.99598,-0.06823,0.058003,-0.0017752,-0.10728,0.13155,-1.464e-19
3.8865,-0.11104,0.11621,0.3619,0.3964,-0.50889,0.99606,-0.067672,0.057334,-0.0017887,-0.11633,0.13734,-1.4264e-19
3.8901,-0.10715,0.11119,0.3491,0.38121,-0.49583,0.99614,-0.067069,0.056637,-0.0018015,-0.1252,0.14294,-1.4607e-19
3.8935,-0.10341,0.1063,0.33647,0.36617,-0.48281,0.99622,-0.066423,0.055913,-0.0018136,-0.13387,0.14836,-1.4445e-19
3.8968,-0.099827,0.10153,0.32401,0.35129,-0.46986,0.99631,-0.065733,0.055162,-0.0018252,-0.14251,0.15378,-1.4533e-19
3.9,-0.096388,0.0969,0.31174,0.33659,-0.45697,0.9964,-0.065001,0.054384,-0.0018361,-0.15088,0.15896,-1.4648e-19
3.903,-0.093095,0.092395,0.29965,0.32207,-0.44416,0.99649,-0.064227,0.053581,-0.0018465,-0.15908,0.16398,-1.4791e-19
3.906,-0.089946,0.088017,0.28776,0.30775,-0.43142,0.99659,-0.063413,0.052753,-0.0018562,-0.1671,0.16885,-1.4611e-19
3.9088,-0.086939,0.083766,0.27607,0.29363,-0.41877,0.99669,-0.062559,0.051901,-0.0018654,-0.17494,0.17356,-1.4562e-19
3.9115,-0.084072,0.079641,0.26459,0.27972,-0.40621,0.99679,-0.061666,0.051026,-0.001874,-0.18266,0.17821,-1.4143e-19
3.9141,-0.081344,0.075642,0.25332,0.26603,-0.39376,0.99689,-0.060735,0.050129,-0.0018821,-0.19012,0.18262,-1.4659e-19
3.9165,-0.078751,0.071766,0.24227,0.25257,-0.38141,0.997,-0.059767,0.049209,-0.0018896,-0.19734,0.18681,-1.4849e-19
3.9189,-0.076292,0.068013,0.23144,0.23935,-0.36917,0.9971,-0.058764,0.048269,-0.0018966,-0.20432,0.19082,-1.4257e-19
3.9212,-0.073963,0.064382,0.22084,0.22638,-0.35706,0.99721,-0.057725,0.047309,-0.0019032,-0.21128,0.19487,-1.4176e-19
3.9233,-0.071763,0.060871,0.21046,0.21366,-0.34507,0.99732,-0.056653,0.04633,-0.0019092,-0.21803,0.19875,-1.452e-19
3.9254,-0.069689,0.05748,0.20032,0.2012,-0.33322,0.99742,-0.055547,0.045332,-0.0019147,-0.22447,0.20236,-1.4795e-19
3.9273,-0.067738,0.054207,0.19043,0.18901,-0.3215,0.99753,-0.05441,0.044316,-0.0019198,-0.23067,0.20578,-1.526e-19
3.9292,-0.065908,0.05105,0.18077,0.1771,-0.30993,0.99764,-0.053243,0.043284,-0.0019245,-0.23662,0.20899,-1.6041e-19
3.931,-0.064195,0.048007,0.17136,0.16547,-0.29852,0.99775,-0.052045,0.042235,-0.0019287,-0.24237,0.21208,-1.5825e-19
3.9326,-0.062598,0.045079,0.1622,0.15413,-0.28725,0.99786,-0.05082,0.041172,-0.0019325,-0.24803,0.21515,-1.6254e-19
3.9342,-0.061112,0.042262,0.15328,0.14308,-0.27615,0.99796,-0.049567,0.040094,-0.0019359,-0.25335,0.21792,-1.6508e-19
3.9357,-0.059735,0.039555,0.14463,0.13232,-0.26521,0.99807,-0.048288,0.039002,-0.001939,-0.25841,0.22049,-1.6835e-19
3.9371,-0.058464,0.036957,0.13623,0.12188,-0.25445,0.99817,-0.046984,0.037898,-0.0019416,-0.26321,0.22287,-1.7212e-19
3.9384,-0.057297,0.034466,0.12809,0.11174,-0.24386,0.99828,-0.045657,0.036783,-0.0019439,-0.26775,0.22505,-1.8058e-19
3.9397,-0.056229,0.032079,0.1202,0.10191,-0.23345,0.99838,-0.044306,0.035656,-0.0019459,-0.27222,0.22727,-1.741e-19
3.9408,-0.055257,0.029796,0.11258,0.0924,-0.22323,0.99848,-0.042935,0.03452,-0.0019476,-0.27635,0.22919,-1.8486e-19
3.9419,-0.054379,0.027614,0.10523,0.083209,-0.21319,0.99858,-0.041543,0.033374,-0.0019489,-0.28019,0.2309,-1.8565e-19
3.9429,-0.053592,0.025531,0.098133,0.074342,-0.20335,0.99867,-0.040133,0.03222,-0.00195,-0.28377,0.23241,-1.9767e-19
3.9439,-0.052892,0.023546,0.091305,0.065801,-0.1937,0.99877,-0.038705,0.031058,-0.0019508,-0.28706,0.23371,-1.991e-19
3.9447,-0.052275,0.021657,0.084742,0.057589,-0.18426,0.99886,-0.037261,0.02989,-0.0019513,-0.29029,0.23508,-2.0052e-19
3.9456,-0.051739,0.01986,0.078445,0.049708,-0.17501,0.99894,-0.035802,0.028716,-0.0019516,-0.29317,0.23615,-2.0255e-19
3.9463,-0.05128,0.018156,0.072414,0.04216,-0.16597,0.99903,-0.034329,0.027538,-0.0019517,-0.29574,0.23699,-2.1967e-19
3.947,-0.050894,0.01654,0.066649,0.034946,-0.15715,0.99911,-0.032843,0.026355,-0.0019515,-0.29805,0.23764,-2.1488e-19
3.9477,-0.05058,0.015012,0.06115,0.028068,-0.14853,0.99919,-0.031346,0.025169,-0.0019512,-0.30002,0.23803,-2.1902e-19
3.9482,-0.050332,0.013569,0.055915,0.021526,-0.14012,0.99927,-0.02984,0.023982,-0.0019506,-0.30195,0.23852,-2.2801e-19
3.9488,-0.050148,0.012209,0.050945,0.015321,-0.13194,0.99934,-0.028325,0.022792,-0.0019499,-0.30352,0.23872,-2.3069e-19
3.9493,-0.050024,0.010929,0.046239,0.0094535,-0.12397,0.99941,-0.026803,0.021603,-0.0019491,-0.30477,0.23867,-2.1519e-19
3.9497,-0.049958,0.0097287,0.041794,0.0039233,-0.11622,0.99947,-0.025275,0.020414,-0.0019481,-0.30574,0.23843,-2.012e-19
3.9501,-0.049945,0.0086043,0.037611,-0.0012701,-0.1087,0.99953,-0.023743,0.019226,-0.0019469,-0.30637,0.23793,-2.014e-19
3.9504,-0.049982,0.007554,0.033688,-0.0061273,-0.1014,0.99959,-0.022208,0.01804,-0.0019457,-0.30696,0.23755,-2.064e-19
3.9508,-0.050066,0.0065756,0.030022,-0.010649,-0.094323,0.99964,-0.020671,0.016858,-0.0019443,-0.30711,0.23678,-2.1868e-19
3.9511,-0.050194,0.0056668,0.026612,-0.014837,-0.087476,0.99969,-0.019134,0.01568,-0.0019428,-0.30698,0.23583,-2.1667e-19
3.9513,-0.050362,0.0048253,0.023456,-0.018693,-0.080858,0.99974,-0.017598,0.014507,-0.0019413,-0.3067,0.23486,-2.0406e-19
